x,y1,y2
-1.0,-4.466932180336172e-20,-1.116733045084043e-20
-0.9797979797979798,-3.2333017684080234e-19,-8.083254421020058e-20
-0.9595959595959596,-2.2458148819731563e-18,-5.614537204932891e-19
-0.9393939393939394,-1.4968719370931434e-17,-3.7421798427328584e-18
-0.9191919191919192,-9.573482356665791e-17,-2.393370589166448e-17
-0.898989898989899,-5.875176388822223e-16,-1.4687940972055558e-16
-0.8787878787878788,-3.45961692701827e-15,-8.649042317545675e-16
-0.8585858585858586,-1.9547042047884455e-14,-4.886760511971114e-15
-0.8383838383838383,-1.0596661899895256e-13,-2.649165474973814e-14
-0.8181818181818182,-5.51163401305314e-13,-1.377908503263285e-13
-0.797979797979798,-2.750440880646273e-12,-6.876102201615682e-13
-0.7777777777777778,-1.3168045606776508e-11,-3.292011401694127e-12
-0.7575757575757576,-6.048152557008722e-11,-1.5120381392521805e-11
-0.7373737373737373,-2.66496011737249e-10,-6.662400293431225e-11
-0.7171717171717171,-1.1264400558446499e-9,-2.8161001396116247e-10
-0.696969696969697,-4.567265012209773e-9,-1.1418162530524432e-9
-0.6767676767676768,-1.7762938217948792e-8,-4.440734554487198e-9
-0.6565656565656566,-6.626156970736824e-8,-1.656539242684206e-8
-0.6363636363636364,-2.3706786642592552e-7,-5.926696660648138e-8
-0.6161616161616161,-8.134314595098875e-7,-2.0335786487747187e-7
-0.5959595959595959,-2.6765580509278234e-6,-6.691395127319558e-7
-0.5757575757575758,-8.445113631245277e-6,-2.1112784078113192e-6
-0.5555555555555556,-2.554851361062647e-5,-6.387128402656617e-6
-0.5353535353535354,-7.409690870813664e-5,-1.852422717703416e-5
-0.5151515151515151,-0.0002059765331706367,-5.1494133292659176e-5
-0.494949494949495,-0.0005485902947405652,-0.0001371475736851413
-0.47474747474747475,-0.0013987432484386662,-0.00034968581210966654
-0.45454545454545453,-0.0034082298415492765,-0.0008520574603873191
-0.43434343434343436,-0.007907030467312276,-0.001976757616828069
-0.41414141414141414,-0.01733608654393677,-0.004334021635984193
-0.3939393939393939,-0.0354294724807093,-0.008857368120177326
-0.37373737373737376,-0.066033198602014,-0.0165082996505035
-0.35353535353535354,-0.10927535698937837,-0.027318839247344594
-0.3333333333333333,-0.15746307605882753,-0.03936576901470688
-0.31313131313131315,-0.198017859941602,-0.0495044649854005
-0.29292929292929293,-0.22272996959591207,-0.05568249239897802
-0.2727272727272727,-0.23151790934206642,-0.057879477335516606
-0.25252525252525254,-0.22858939786217825,-0.05714734946554456
-0.23232323232323232,-0.21831502622255267,-0.054578756555638167
-0.21212121212121213,-0.20377516774870907,-0.05094379193717727
-0.1919191919191919,-0.18683134309855004,-0.04670783577463751
-0.1717171717171717,-0.16853837472719407,-0.04213459368179852
-0.15151515151515152,-0.14948113532634427,-0.03737028383158607
-0.13131313131313133,-0.129983943808974,-0.0324959859522435
-0.1111111111111111,-0.11022875386350661,-0.027557188465876653
-0.09090909090909091,-0.09031955688612693,-0.022579889221531733
-0.0707070707070707,-0.07031722673549022,-0.017579306683872555
-0.050505050505050504,-0.050258523034298244,-0.012564630758574561
-0.030303030303030304,-0.030166655614948402,-0.0075416639037371004
-0.010101010101010102,-0.010057361916276812,-0.002514340479069203
0.010101010101010102,0.010057361916276812,0.002514340479069203
0.030303030303030304,0.030166655614948402,0.0075416639037371004
0.050505050505050504,0.050258523034298244,0.012564630758574561
0.0707070707070707,0.07031722673549022,0.017579306683872555
0.09090909090909091,0.09031955688612693,0.022579889221531733
0.1111111111111111,0.11022875386350661,0.027557188465876653
0.13131313131313133,0.129983943808974,0.0324959859522435
0.15151515151515152,0.14948113532634427,0.03737028383158607
0.1717171717171717,0.16853837472719407,0.04213459368179852
0.1919191919191919,0.18683134309855004,0.04670783577463751
0.21212121212121213,0.20377516774870907,0.05094379193717727
0.23232323232323232,0.21831502622255267,0.054578756555638167
0.25252525252525254,0.22858939786217825,0.05714734946554456
0.2727272727272727,0.23151790934206642,0.057879477335516606
0.29292929292929293,0.22272996959591207,0.05568249239897802
0.31313131313131315,0.198017859941602,0.0495044649854005
0.3333333333333333,0.15746307605882753,0.03936576901470688
0.35353535353535354,0.10927535698937837,0.027318839247344594
0.37373737373737376,0.066033198602014,0.0165082996505035
0.3939393939393939,0.0354294724807093,0.008857368120177326
0.41414141414141414,0.01733608654393677,0.004334021635984193
0.43434343434343436,0.007907030467312276,0.001976757616828069
0.45454545454545453,0.0034082298415492765,0.0008520574603873191
0.47474747474747475,0.0013987432484386662,0.00034968581210966654
0.494949494949495,0.0005485902947405652,0.0001371475736851413
0.5151515151515151,0.0002059765331706367,5.1494133292659176e-5
0.5353535353535354,7.409690870813664e-5,1.852422717703416e-5
0.5555555555555556,2.554851361062647e-5,6.387128402656617e-6
0.5757575757575758,8.445113631245277e-6,2.1112784078113192e-6
0.5959595959595959,2.6765580509278234e-6,6.691395127319558e-7
0.6161616161616161,8.134314595098875e-7,2.0335786487747187e-7
0.6363636363636364,2.3706786642592552e-7,5.926696660648138e-8
0.6565656565656566,6.626156970736824e-8,1.656539242684206e-8
0.6767676767676768,1.7762938217948792e-8,4.440734554487198e-9
0.696969696969697,4.567265012209773e-9,1.1418162530524432e-9
0.7171717171717171,1.1264400558446499e-9,2.8161001396116247e-10
0.7373737373737373,2.66496011737249e-10,6.662400293431225e-11
0.7575757575757576,6.048152557008722e-11,1.5120381392521805e-11
0.7777777777777778,1.3168045606776508e-11,3.292011401694127e-12
0.797979797979798,2.750440880646273e-12,6.876102201615682e-13
0.8181818181818182,5.51163401305314e-13,1.377908503263285e-13
0.8383838383838383,1.0596661899895256e-13,2.649165474973814e-14
0.8585858585858586,1.9547042047884455e-14,4.886760511971114e-15
0.8787878787878788,3.45961692701827e-15,8.649042317545675e-16
0.898989898989899,5.875176388822223e-16,1.4687940972055558e-16
0.9191919191919192,9.573482356665791e-17,2.393370589166448e-17
0.9393939393939394,1.4968719370931434e-17,3.7421798427328584e-18
0.9595959595959596,2.2458148819731563e-18,5.614537204932891e-19
0.9797979797979798,3.2333017684080234e-19,8.083254421020058e-20
1.0,4.466932180336172e-20,1.116733045084043e-20
