x,a1,a2
0.06896551724137931,0.02040816326530612,0.0
0.20689655172413793,0.11224489795918367,0.061224489795918366
0.3448275862068966,0.3877551020408163,0.40816326530612246
0.48275862068965514,0.336734693877551,0.29591836734693877
0.6206896551724138,0.09183673469387756,0.11224489795918367
0.7586206896551725,0.05102040816326531,0.02040816326530612
0.896551724137931,0.0,0.030612244897959183
1.0344827586206897,0.0,0.01020408163265306
1.1724137931034482,0.0,0.01020408163265306
1.3103448275862069,0.0,0.02040816326530612
1.4482758620689655,0.0,0.0
1.586206896551724,0.0,0.01020408163265306
1.7241379310344827,0.0,0.0
1.8620689655172413,0.0,0.0
2.0,0.0,0.01020408163265306
2.137931034482759,0.0,0.0
2.2758620689655173,0.0,0.0
2.413793103448276,0.0,0.01020408163265306
2.5517241379310347,0.0,0.0
2.689655172413793,0.0,0.0
2.827586206896552,0.0,0.0
2.9655172413793105,0.0,0.0
3.103448275862069,0.0,0.0
3.241379310344828,0.0,0.0
3.3793103448275863,0.0,0.0
3.5172413793103448,0.0,0.0
3.6551724137931036,0.0,0.0
3.793103448275862,0.0,0.0
3.931034482758621,0.0,0.0
