date,nb_posts
2020-01-01,18.571428571428573
2020-01-02,16.642857142857146
2020-01-03,15.642857142857142
2020-01-04,15.285714285714285
2020-01-05,14.642857142857142
2020-01-06,10.142857142857142
2020-01-07,10.0
2020-01-08,10.214285714285714
2020-01-09,10.928571428571429
2020-01-10,11.0
2020-01-11,9.857142857142858
2020-01-12,9.428571428571429
2020-01-13,8.428571428571429
2020-01-14,8.071428571428571
2020-01-15,4.357142857142857
2020-01-16,4.0
2020-01-17,12.214285714285714
2020-01-18,14.285714285714285
2020-01-19,15.0
2020-01-20,15.071428571428571
2020-01-21,24.857142857142858
2020-01-22,27.642857142857142
2020-01-23,27.357142857142858
2020-01-24,27.142857142857142
2020-01-25,26.5
2020-01-26,27.5
2020-01-27,27.714285714285715
2020-01-28,27.928571428571427
2020-01-29,28.714285714285715
2020-01-30,29.357142857142858
2020-01-31,21.142857142857142
2020-02-01,20.285714285714285
2020-02-02,20.142857142857142
2020-02-03,20.428571428571427
2020-02-04,10.785714285714285
2020-02-05,10.357142857142856
2020-02-06,11.714285714285714
2020-02-07,12.285714285714285
2020-02-08,12.142857142857142
2020-02-09,13.571428571428571
2020-02-10,14.571428571428573
2020-02-11,18.642857142857142
2020-02-12,19.42857142857143
2020-02-13,19.0
2020-02-14,20.0
2020-02-15,25.214285714285715
2020-02-16,25.285714285714285
2020-02-17,25.928571428571427
2020-02-18,27.857142857142854
2020-02-19,28.214285714285715
2020-02-20,31.142857142857142
2020-02-21,32.71428571428571
2020-02-22,35.214285714285715
2020-02-23,33.35714285714286
2020-02-24,34.285714285714285
2020-02-25,36.07142857142857
2020-02-26,42.0
2020-02-27,45.42857142857143
2020-02-28,47.214285714285715
2020-02-29,44.785714285714285
2020-03-01,45.785714285714285
2020-03-02,48.42857142857143
2020-03-03,50.42857142857143
2020-03-04,55.285714285714285
2020-03-05,58.92857142857143
2020-03-06,85.92857142857143
2020-03-07,98.71428571428571
2020-03-08,108.14285714285714
2020-03-09,120.35714285714286
2020-03-10,139.35714285714286
2020-03-11,175.14285714285717
2020-03-12,196.35714285714286
2020-03-13,212.85714285714286
2020-03-14,228.64285714285714
2020-03-15,239.0
2020-03-16,243.85714285714283
2020-03-17,258.2857142857143
2020-03-18,273.92857142857144
2020-03-19,282.7857142857143
2020-03-20,279.85714285714283
2020-03-21,277.14285714285717
2020-03-22,275.2857142857143
2020-03-23,277.2857142857143
2020-03-24,262.2857142857143
2020-03-25,225.28571428571428
2020-03-26,210.85714285714286
2020-03-27,201.57142857142858
2020-03-28,195.78571428571428
2020-03-29,191.78571428571428
2020-03-30,197.14285714285714
2020-03-31,188.14285714285714
2020-04-01,173.21428571428572
2020-04-02,162.07142857142856
2020-04-03,150.5
2020-04-04,147.28571428571428
2020-04-05,150.85714285714286
2020-04-06,168.64285714285714
2020-04-07,177.92857142857144
2020-04-08,184.78571428571428
2020-04-09,189.78571428571428
2020-04-10,204.42857142857142
2020-04-11,204.07142857142856
2020-04-12,203.78571428571428
2020-04-13,198.64285714285714
2020-04-14,200.42857142857142
2020-04-15,203.35714285714286
2020-04-16,206.28571428571428
2020-04-17,203.64285714285714
2020-04-18,203.5
2020-04-19,198.5
2020-04-20,169.64285714285714
2020-04-21,159.5
2020-04-22,162.0
2020-04-23,155.57142857142858
2020-04-24,138.7857142857143
2020-04-25,132.21428571428572
2020-04-26,128.57142857142856
2020-04-27,122.57142857142857
2020-04-28,121.5
2020-04-29,115.28571428571429
2020-04-30,114.92857142857142
2020-05-01,109.92857142857143
2020-05-02,111.21428571428571
2020-05-03,115.85714285714285
2020-05-04,117.92857142857143
2020-05-05,117.0
2020-05-06,108.64285714285714
2020-05-07,106.71428571428571
2020-05-08,108.14285714285714
2020-05-09,113.71428571428572
2020-05-10,114.21428571428571
2020-05-11,117.35714285714286
2020-05-12,112.21428571428572
2020-05-13,113.28571428571429
2020-05-14,114.78571428571429
2020-05-15,113.35714285714286
2020-05-16,108.42857142857143
2020-05-17,99.5
2020-05-18,95.64285714285714
2020-05-19,114.85714285714286
2020-05-20,115.42857142857143
2020-05-21,113.14285714285715
2020-05-22,110.85714285714286
2020-05-23,102.64285714285714
2020-05-24,99.64285714285714
2020-05-25,98.07142857142857
2020-05-26,94.92857142857143
2020-05-27,95.64285714285714
2020-05-28,99.35714285714285
2020-05-29,109.21428571428572
2020-05-30,112.57142857142857
2020-05-31,112.85714285714286
2020-06-01,119.0
2020-06-02,97.35714285714285
2020-06-03,93.57142857142857
2020-06-04,94.35714285714286
2020-06-05,89.14285714285714
2020-06-06,91.14285714285714
2020-06-07,91.14285714285714
2020-06-08,89.0
2020-06-09,100.5
2020-06-10,97.64285714285715
2020-06-11,86.14285714285715
2020-06-12,78.35714285714285
2020-06-13,74.14285714285714
2020-06-14,73.42857142857142
2020-06-15,68.28571428571429
2020-06-16,64.0
2020-06-17,63.0
2020-06-18,63.785714285714285
2020-06-19,66.64285714285715
2020-06-20,65.28571428571429
2020-06-21,67.35714285714286
2020-06-22,66.42857142857143
2020-06-23,69.35714285714285
2020-06-24,78.14285714285714
2020-06-25,83.92857142857143
2020-06-26,82.14285714285714
2020-06-27,80.92857142857143
2020-06-28,82.92857142857142
2020-06-29,84.21428571428571
2020-06-30,89.64285714285715
2020-07-01,91.14285714285714
2020-07-02,89.42857142857143
2020-07-03,90.57142857142857
2020-07-04,88.57142857142857
2020-07-05,85.92857142857143
2020-07-06,87.92857142857143
2020-07-07,79.28571428571428
2020-07-08,70.85714285714286
2020-07-09,66.0
2020-07-10,65.78571428571429
2020-07-11,66.21428571428572
2020-07-12,66.21428571428572
2020-07-13,63.142857142857146
2020-07-14,57.85714285714286
2020-07-15,55.785714285714285
2020-07-16,53.285714285714285
2020-07-17,62.785714285714285
2020-07-18,68.42857142857143
2020-07-19,77.78571428571429
2020-07-20,82.35714285714286
2020-07-21,88.35714285714286
2020-07-22,98.28571428571428
2020-07-23,101.92857142857143
2020-07-24,104.85714285714285
2020-07-25,112.21428571428572
2020-07-26,114.5
2020-07-27,118.57142857142857
2020-07-28,127.57142857142857
2020-07-29,128.21428571428572
2020-07-30,135.78571428571428
2020-07-31,124.57142857142857
2020-08-01,124.5
2020-08-02,121.85714285714286
2020-08-03,126.57142857142857
2020-08-04,126.92857142857143
2020-08-05,120.28571428571428
2020-08-06,119.0
2020-08-07,114.5
2020-08-08,124.0
2020-08-09,121.92857142857143
2020-08-10,121.57142857142857
2020-08-11,114.78571428571429
2020-08-12,114.57142857142857
2020-08-13,122.0
2020-08-14,135.42857142857142
2020-08-15,134.28571428571428
2020-08-16,131.64285714285714
2020-08-17,123.92857142857143
2020-08-18,114.71428571428571
2020-08-19,113.35714285714286
2020-08-20,114.21428571428572
2020-08-21,116.85714285714286
2020-08-22,104.85714285714286
2020-08-23,101.42857142857143
2020-08-24,100.85714285714285
2020-08-25,108.85714285714285
2020-08-26,116.21428571428571
2020-08-27,112.0
2020-08-28,110.07142857142858
2020-08-29,109.71428571428572
2020-08-30,108.28571428571429
2020-08-31,108.64285714285715
2020-09-01,108.5
2020-09-02,106.14285714285715
2020-09-03,103.07142857142857
2020-09-04,99.21428571428571
2020-09-05,95.71428571428572
2020-09-06,99.21428571428571
2020-09-07,98.21428571428572
2020-09-08,89.92857142857143
2020-09-09,86.5
2020-09-10,81.85714285714286
2020-09-11,74.21428571428572
2020-09-12,72.14285714285714
2020-09-13,70.07142857142857
2020-09-14,67.57142857142858
2020-09-15,68.28571428571429
2020-09-16,68.85714285714285
2020-09-17,78.35714285714285
2020-09-18,83.07142857142858
2020-09-19,88.35714285714285
2020-09-20,86.0
2020-09-21,84.5
2020-09-22,86.0
2020-09-23,85.07142857142857
2020-09-24,81.14285714285714
2020-09-25,78.35714285714286
2020-09-26,94.71428571428571
2020-09-27,96.0
2020-09-28,97.28571428571429
2020-09-29,101.0
2020-09-30,103.71428571428571
2020-10-01,96.28571428571429
2020-10-02,93.5
2020-10-03,95.07142857142857
2020-10-04,98.85714285714285
2020-10-05,105.42857142857143
2020-10-06,109.64285714285714
2020-10-07,116.21428571428571
2020-10-08,117.85714285714286
2020-10-09,121.71428571428572
2020-10-10,128.71428571428572
2020-10-11,135.7857142857143
2020-10-12,141.07142857142856
2020-10-13,149.42857142857142
2020-10-14,152.14285714285714
2020-10-15,159.78571428571428
2020-10-16,164.42857142857144
2020-10-17,169.0
2020-10-18,179.5
2020-10-19,184.2857142857143
2020-10-20,186.42857142857142
2020-10-21,189.71428571428572
2020-10-22,198.14285714285714
2020-10-23,209.0
2020-10-24,209.2857142857143
2020-10-25,219.7857142857143
2020-10-26,235.14285714285714
2020-10-27,234.92857142857142
2020-10-28,234.57142857142858
2020-10-29,226.57142857142858
2020-10-30,221.5
2020-10-31,212.78571428571428
2020-11-01,198.78571428571428
2020-11-02,187.5
2020-11-03,184.2857142857143
2020-11-04,171.35714285714283
2020-11-05,165.85714285714286
2020-11-06,159.42857142857144
2020-11-07,141.71428571428572
2020-11-08,125.42857142857143
2020-11-09,106.71428571428572
2020-11-10,99.14285714285715
2020-11-11,95.21428571428571
2020-11-12,105.21428571428571
2020-11-13,123.57142857142857
2020-11-14,126.35714285714286
2020-11-15,128.5
2020-11-16,129.85714285714286
2020-11-17,129.14285714285714
2020-11-18,134.07142857142858
2020-11-19,134.28571428571428
2020-11-20,127.14285714285714
2020-11-21,133.71428571428572
2020-11-22,139.78571428571428
2020-11-23,146.78571428571428
2020-11-24,147.42857142857142
2020-11-25,146.92857142857142
2020-11-26,142.0
2020-11-27,130.21428571428572
2020-11-28,128.64285714285714
2020-11-29,125.85714285714286
2020-11-30,132.14285714285717
2020-12-01,140.07142857142858
2020-12-02,137.85714285714286
2020-12-03,135.42857142857142
2020-12-04,142.42857142857142
2020-12-05,142.64285714285714
2020-12-06,141.71428571428572
2020-12-07,148.85714285714286
2020-12-08,156.57142857142858
2020-12-09,164.35714285714286
2020-12-10,167.42857142857142
2020-12-11,164.57142857142858
2020-12-12,164.71428571428572
2020-12-13,166.57142857142856
2020-12-14,169.0
2020-12-15,163.14285714285717
2020-12-16,169.2142857142857
2020-12-17,174.07142857142858
2020-12-18,182.78571428571428
2020-12-19,171.14285714285714
2020-12-20,171.78571428571428
2020-12-21,156.85714285714286
2020-12-22,156.85714285714286
2020-12-23,151.0
2020-12-24,145.14285714285717
2020-12-25,144.14285714285717
2020-12-26,138.5
2020-12-27,140.57142857142856
2020-12-28,137.2857142857143
2020-12-29,139.28571428571428
2020-12-30,132.21428571428572
2020-12-31,127.42857142857142
2021-01-01,115.21428571428571
2021-01-02,113.35714285714286
2021-01-03,105.71428571428572
2021-01-04,102.64285714285714
2021-01-05,91.07142857142857
2021-01-06,92.5
2021-01-07,88.92857142857142
2021-01-08,89.78571428571428
2021-01-09,95.21428571428572
2021-01-10,95.0
2021-01-11,89.5
2021-01-12,80.92857142857143
2021-01-13,78.78571428571428
2021-01-14,76.0
2021-01-15,75.92857142857143
2021-01-16,85.78571428571428
2021-01-17,86.92857142857142
2021-01-18,93.64285714285715
2021-01-19,102.71428571428572
2021-01-20,111.28571428571428
2021-01-21,114.21428571428571
2021-01-22,115.78571428571428
2021-01-23,123.0
2021-01-24,131.57142857142858
2021-01-25,132.07142857142858
2021-01-26,133.78571428571428
2021-01-27,141.14285714285714
2021-01-28,142.14285714285714
2021-01-29,140.7857142857143
2021-01-30,142.21428571428572
2021-01-31,144.35714285714286
2021-02-01,140.5
2021-02-02,131.28571428571428
2021-02-03,117.42857142857143
2021-02-04,121.35714285714286
2021-02-05,115.14285714285714
2021-02-06,107.42857142857143
2021-02-07,93.92857142857143
2021-02-08,89.92857142857143
2021-02-09,100.35714285714286
2021-02-10,100.35714285714286
2021-02-11,101.85714285714286
2021-02-12,97.5
2021-02-13,90.85714285714286
2021-02-14,90.07142857142857
2021-02-15,90.57142857142857
2021-02-16,105.78571428571428
2021-02-17,112.14285714285714
2021-02-18,108.92857142857143
2021-02-19,114.85714285714285
2021-02-20,117.64285714285715
2021-02-21,121.5
2021-02-22,122.85714285714286
2021-02-23,113.21428571428572
2021-02-24,107.5
2021-02-25,107.78571428571429
2021-02-26,110.57142857142857
2021-02-27,109.57142857142857
2021-02-28,111.0
2021-03-01,115.35714285714286
2021-03-02,101.07142857142858
2021-03-03,99.5
2021-03-04,103.21428571428572
2021-03-05,99.71428571428572
2021-03-06,95.28571428571429
2021-03-07,94.71428571428572
2021-03-08,94.5
2021-03-09,95.35714285714286
2021-03-10,104.78571428571428
2021-03-11,103.28571428571428
2021-03-12,99.57142857142857
2021-03-13,96.64285714285714
2021-03-14,92.64285714285714
2021-03-15,85.35714285714286
2021-03-16,87.85714285714286
2021-03-17,95.64285714285714
2021-03-18,97.85714285714286
2021-03-19,109.64285714285714
2021-03-20,114.07142857142857
2021-03-21,113.64285714285714
2021-03-22,115.42857142857143
2021-03-23,117.21428571428572
2021-03-24,106.5
2021-03-25,108.35714285714285
2021-03-26,115.0
2021-03-27,122.07142857142857
2021-03-28,126.64285714285715
2021-03-29,126.85714285714286
2021-03-30,123.92857142857143
2021-03-31,113.07142857142857
2021-04-01,119.64285714285714
2021-04-02,111.64285714285715
2021-04-03,105.5
2021-04-04,106.57142857142857
2021-04-05,109.85714285714286
2021-04-06,109.35714285714286
2021-04-07,119.85714285714286
2021-04-08,124.64285714285715
2021-04-09,126.5
2021-04-10,124.0
2021-04-11,120.21428571428571
2021-04-12,126.0
2021-04-13,135.14285714285714
2021-04-14,138.57142857142856
2021-04-15,124.14285714285714
2021-04-16,123.85714285714285
2021-04-17,129.14285714285714
2021-04-18,128.78571428571428
2021-04-19,122.64285714285715
2021-04-20,118.35714285714285
2021-04-21,112.07142857142858
2021-04-22,108.71428571428572
2021-04-23,100.0
2021-04-24,97.92857142857143
2021-04-25,99.28571428571429
2021-04-26,97.35714285714285
2021-04-27,90.92857142857143
2021-04-28,85.42857142857143
2021-04-29,85.07142857142857
2021-04-30,79.42857142857143
2021-05-01,74.5
2021-05-02,71.71428571428572
2021-05-03,79.28571428571429
2021-05-04,88.78571428571428
2021-05-05,95.71428571428571
2021-05-06,96.14285714285714
2021-05-07,99.71428571428572
2021-05-08,99.71428571428571
2021-05-09,102.0
2021-05-10,103.21428571428571
2021-05-11,101.64285714285714
2021-05-12,112.92857142857143
2021-05-13,126.21428571428572
2021-05-14,133.14285714285714
2021-05-15,137.07142857142858
2021-05-16,139.35714285714286
2021-05-17,138.92857142857142
2021-05-18,131.57142857142856
2021-05-19,120.0
2021-05-20,113.78571428571428
2021-05-21,116.0
2021-05-22,114.5
2021-05-23,112.14285714285714
2021-05-24,107.35714285714286
2021-05-25,105.71428571428571
2021-05-26,101.42857142857143
2021-05-27,86.21428571428571
2021-05-28,85.85714285714285
2021-05-29,84.42857142857143
2021-05-30,82.14285714285714
2021-05-31,75.42857142857143
2021-06-01,78.0
2021-06-02,82.0
2021-06-03,87.28571428571428
2021-06-04,86.21428571428572
2021-06-05,87.35714285714285
2021-06-06,83.85714285714286
2021-06-07,86.35714285714286
2021-06-08,84.42857142857143
2021-06-09,78.28571428571428
2021-06-10,77.71428571428571
2021-06-11,71.28571428571428
2021-06-12,69.42857142857143
2021-06-13,69.57142857142857
2021-06-14,70.28571428571428
2021-06-15,74.35714285714285
2021-06-16,72.07142857142857
2021-06-17,72.64285714285714
2021-06-18,71.57142857142857
2021-06-19,70.0
2021-06-20,74.35714285714286
2021-06-21,74.0
2021-06-22,74.57142857142857
2021-06-23,74.64285714285714
2021-06-24,75.92857142857142
2021-06-25,78.14285714285715
2021-06-26,86.57142857142857
2021-06-27,91.5
2021-06-28,104.71428571428571
2021-06-29,103.71428571428571
2021-06-30,105.71428571428571
2021-07-01,100.14285714285714
2021-07-02,107.5
2021-07-03,123.07142857142857
2021-07-04,123.64285714285714
2021-07-05,122.07142857142857
2021-07-06,118.07142857142857
2021-07-07,120.14285714285715
2021-07-08,123.07142857142857
2021-07-09,125.57142857142858
2021-07-10,114.78571428571429
2021-07-11,110.42857142857143
2021-07-12,97.57142857142857
2021-07-13,94.35714285714286
2021-07-14,95.21428571428571
2021-07-15,96.28571428571429
2021-07-16,86.42857142857143
2021-07-17,71.5
2021-07-18,70.14285714285715
2021-07-19,71.0
2021-07-20,74.85714285714286
2021-07-21,77.92857142857143
2021-07-22,74.21428571428571
2021-07-23,68.28571428571428
2021-07-24,70.57142857142857
2021-07-25,70.07142857142857
2021-07-26,70.57142857142858
2021-07-27,66.28571428571428
2021-07-28,67.64285714285714
2021-07-29,68.57142857142857
2021-07-30,71.57142857142857
2021-07-31,74.78571428571429
2021-08-01,75.57142857142857
2021-08-02,76.64285714285714
2021-08-03,80.78571428571429
2021-08-04,76.71428571428572
2021-08-05,85.71428571428572
2021-08-06,88.64285714285715
2021-08-07,86.71428571428572
2021-08-08,88.07142857142858
2021-08-09,85.42857142857143
2021-08-10,86.28571428571428
2021-08-11,84.85714285714285
2021-08-12,89.21428571428572
2021-08-13,95.78571428571429
2021-08-14,90.64285714285714
2021-08-15,90.14285714285714
2021-08-16,89.14285714285714
2021-08-17,83.07142857142857
2021-08-18,89.21428571428572
2021-08-19,85.07142857142857
2021-08-20,85.21428571428571
2021-08-21,83.21428571428571
2021-08-22,82.64285714285714
2021-08-23,84.42857142857143
2021-08-24,85.42857142857143
2021-08-25,83.78571428571429
2021-08-26,85.5
2021-08-27,94.57142857142857
2021-08-28,96.71428571428572
2021-08-29,94.64285714285714
2021-08-30,92.64285714285714
2021-08-31,100.92857142857143
2021-09-01,96.0
2021-09-02,92.85714285714286
2021-09-03,96.0
2021-09-04,101.85714285714286
2021-09-05,103.64285714285714
2021-09-06,104.42857142857143
2021-09-07,105.14285714285714
2021-09-08,103.14285714285714
2021-09-09,97.85714285714286
2021-09-10,85.71428571428571
2021-09-11,88.42857142857142
2021-09-12,90.57142857142857
2021-09-13,90.64285714285714
2021-09-14,87.0
2021-09-15,84.07142857142857
2021-09-16,81.64285714285714
2021-09-17,77.78571428571428
2021-09-18,73.35714285714286
2021-09-19,70.28571428571429
2021-09-20,70.42857142857143
2021-09-21,67.92857142857143
2021-09-22,71.21428571428571
2021-09-23,80.14285714285714
2021-09-24,74.35714285714286
2021-09-25,74.78571428571429
2021-09-26,76.0
2021-09-27,74.42857142857143
2021-09-28,77.92857142857143
2021-09-29,81.5
2021-09-30,85.85714285714285
2021-10-01,85.71428571428571
2021-10-02,89.07142857142857
2021-10-03,93.5
2021-10-04,94.64285714285714
2021-10-05,103.42857142857143
2021-10-06,100.5
2021-10-07,88.64285714285714
2021-10-08,91.57142857142858
2021-10-09,87.71428571428572
2021-10-10,83.07142857142857
2021-10-11,86.78571428571429
2021-10-12,81.71428571428571
2021-10-13,85.71428571428571
2021-10-14,95.28571428571429
2021-10-15,96.85714285714285
2021-10-16,100.0
2021-10-17,98.85714285714286
2021-10-18,100.14285714285715
2021-10-19,98.14285714285715
2021-10-20,99.78571428571428
2021-10-21,101.78571428571428
2021-10-22,106.57142857142858
2021-10-23,112.5
2021-10-24,112.42857142857142
2021-10-25,117.71428571428572
2021-10-26,118.64285714285715
2021-10-27,117.14285714285714
2021-10-28,105.42857142857143
2021-10-29,108.42857142857143
2021-10-30,113.0
2021-10-31,114.5
2021-11-01,114.85714285714286
2021-11-02,112.92857142857143
2021-11-03,122.78571428571429
2021-11-04,131.28571428571428
2021-11-05,131.78571428571428
2021-11-06,130.28571428571428
2021-11-07,142.42857142857142
2021-11-08,137.85714285714286
2021-11-09,147.28571428571428
2021-11-10,143.5
2021-11-11,153.78571428571428
2021-11-12,152.78571428571428
2021-11-13,155.85714285714283
2021-11-14,156.5
2021-11-15,170.42857142857142
2021-11-16,171.57142857142856
2021-11-17,167.42857142857144
2021-11-18,166.35714285714286
2021-11-19,165.78571428571428
2021-11-20,168.5
2021-11-21,160.92857142857144
2021-11-22,159.64285714285714
2021-11-23,151.57142857142856
2021-11-24,154.5
2021-11-25,145.85714285714286
2021-11-26,150.42857142857142
2021-11-27,147.0
2021-11-28,151.57142857142858
2021-11-29,146.14285714285717
2021-11-30,141.07142857142858
2021-12-01,132.42857142857142
2021-12-02,123.0
2021-12-03,118.78571428571428
2021-12-04,112.57142857142857
2021-12-05,109.21428571428571
2021-12-06,112.78571428571428
2021-12-07,113.71428571428571
2021-12-08,112.92857142857143
2021-12-09,121.21428571428571
2021-12-10,120.78571428571429
2021-12-11,114.42857142857143
2021-12-12,119.92857142857142
2021-12-13,127.21428571428571
2021-12-14,140.71428571428572
2021-12-15,154.57142857142858
2021-12-16,173.0
2021-12-17,178.35714285714283
2021-12-18,186.14285714285717
2021-12-19,190.42857142857144
2021-12-20,197.21428571428572
2021-12-21,193.42857142857144
2021-12-22,192.85714285714286
2021-12-23,191.64285714285717
2021-12-24,186.5
2021-12-25,191.42857142857144
2021-12-26,181.21428571428572
2021-12-27,164.64285714285714
2021-12-28,154.21428571428572
2021-12-29,145.42857142857144
2021-12-30,131.92857142857144
2021-12-31,128.0
2022-01-01,122.71428571428571
2022-01-02,122.42857142857143
2022-01-03,113.35714285714286
2022-01-04,115.5
2022-01-05,118.5
2022-01-06,117.07142857142857
2022-01-07,115.14285714285714
2022-01-08,117.78571428571429
2022-01-09,117.64285714285714
2022-01-10,116.28571428571429
2022-01-11,116.64285714285715
2022-01-12,121.64285714285714
2022-01-13,119.42857142857143
2022-01-14,114.71428571428571
2022-01-15,114.5
2022-01-16,117.07142857142857
2022-01-17,120.28571428571428
2022-01-18,121.35714285714285
2022-01-19,122.0
2022-01-20,118.5
2022-01-21,122.07142857142857
2022-01-22,118.71428571428572
2022-01-23,120.57142857142857
2022-01-24,121.71428571428572
2022-01-25,127.35714285714286
2022-01-26,127.14285714285714
2022-01-27,125.28571428571428
2022-01-28,130.64285714285714
2022-01-29,133.57142857142858
2022-01-30,133.28571428571428
2022-01-31,130.42857142857144
2022-02-01,128.92857142857142
2022-02-02,134.7142857142857
2022-02-03,129.0
2022-02-04,127.28571428571429
2022-02-05,122.57142857142858
2022-02-06,123.0
2022-02-07,122.21428571428571
2022-02-08,114.14285714285714
2022-02-09,106.71428571428571
2022-02-10,107.71428571428572
2022-02-11,101.14285714285715
2022-02-12,96.92857142857143
2022-02-13,90.14285714285715
2022-02-14,87.78571428571429
2022-02-15,86.28571428571429
2022-02-16,77.35714285714286
2022-02-17,77.42857142857143
2022-02-18,80.92857142857143
2022-02-19,92.5
2022-02-20,89.42857142857143
2022-02-21,87.35714285714286
2022-02-22,95.64285714285714
2022-02-23,93.28571428571428
2022-02-24,90.0
2022-02-25,95.35714285714285
2022-02-26,99.71428571428571
2022-02-27,101.42857142857143
2022-02-28,101.85714285714285
2022-03-01,99.85714285714286
2022-03-02,95.0
2022-03-03,93.28571428571428
2022-03-04,87.35714285714286
2022-03-05,73.14285714285714
2022-03-06,74.35714285714286
2022-03-07,79.35714285714285
2022-03-08,67.0
2022-03-09,68.78571428571428
2022-03-10,73.14285714285714
2022-03-11,70.07142857142857
2022-03-12,61.21428571428571
2022-03-13,59.714285714285715
2022-03-14,62.642857142857146
2022-03-15,66.57142857142857
2022-03-16,66.21428571428571
2022-03-17,76.0
2022-03-18,80.28571428571429
2022-03-19,84.92857142857143
2022-03-20,79.92857142857143
2022-03-21,74.21428571428572
2022-03-22,75.5
2022-03-23,75.35714285714286
2022-03-24,76.42857142857143
2022-03-25,84.14285714285714
2022-03-26,86.92857142857143
2022-03-27,86.14285714285714
2022-03-28,82.42857142857143
2022-03-29,87.0
2022-03-30,90.92857142857143
2022-03-31,86.85714285714285
2022-04-01,85.57142857142857
2022-04-02,83.85714285714285
2022-04-03,88.35714285714286
2022-04-04,91.42857142857143
2022-04-05,92.78571428571428
2022-04-06,91.92857142857142
2022-04-07,90.64285714285714
2022-04-08,82.64285714285714
2022-04-09,90.71428571428572
2022-04-10,95.07142857142858
2022-04-11,95.64285714285715
2022-04-12,86.21428571428571
2022-04-13,87.07142857142858
2022-04-14,83.71428571428572
2022-04-15,82.78571428571429
2022-04-16,84.5
2022-04-17,79.85714285714285
2022-04-18,77.21428571428571
2022-04-19,76.64285714285714
2022-04-20,76.07142857142857
2022-04-21,76.64285714285714
2022-04-22,76.14285714285714
2022-04-23,68.5
2022-04-24,67.5
2022-04-25,65.21428571428571
2022-04-26,67.57142857142857
2022-04-27,63.642857142857146
2022-04-28,68.21428571428571
2022-04-29,69.92857142857143
2022-04-30,63.57142857142857
2022-05-01,64.28571428571429
2022-05-02,67.92857142857143
2022-05-03,67.78571428571429
2022-05-04,70.42857142857143
2022-05-05,66.07142857142857
2022-05-06,61.785714285714285
2022-05-07,58.57142857142857
2022-05-08,57.785714285714285
2022-05-09,62.35714285714286
2022-05-10,65.21428571428571
2022-05-11,68.57142857142857
2022-05-12,62.5
2022-05-13,60.142857142857146
2022-05-14,65.57142857142857
2022-05-15,65.14285714285714
2022-05-16,63.5
2022-05-17,68.07142857142857
2022-05-18,63.714285714285715
2022-05-19,70.28571428571428
2022-05-20,70.85714285714285
2022-05-21,72.0
2022-05-22,69.57142857142857
2022-05-23,68.35714285714285
2022-05-24,63.14285714285714
2022-05-25,63.357142857142854
2022-05-26,65.14285714285714
2022-05-27,60.214285714285715
2022-05-28,55.642857142857146
2022-05-29,54.214285714285715
2022-05-30,53.857142857142854
2022-05-31,49.21428571428571
2022-06-01,53.92857142857143
2022-06-02,49.0
2022-06-03,54.35714285714286
2022-06-04,60.214285714285715
2022-06-05,64.5
2022-06-06,61.07142857142857
2022-06-07,65.28571428571428
2022-06-08,63.57142857142858
2022-06-09,66.78571428571428
2022-06-10,71.21428571428571
2022-06-11,72.85714285714286
2022-06-12,72.64285714285714
2022-06-13,72.85714285714286
2022-06-14,76.92857142857143
2022-06-15,80.14285714285714
2022-06-16,79.28571428571429
2022-06-17,80.57142857142857
2022-06-18,79.71428571428572
2022-06-19,79.85714285714286
2022-06-20,85.14285714285715
2022-06-21,85.42857142857143
2022-06-22,90.64285714285714
2022-06-23,89.71428571428572
2022-06-24,87.92857142857143
2022-06-25,91.07142857142857
2022-06-26,92.92857142857143
2022-06-27,91.64285714285714
2022-06-28,89.78571428571428
2022-06-29,89.35714285714285
2022-06-30,92.5
