x,y,z
-1.0,-1.0,0.0
-1.0,-0.95,0.0
-1.0,-0.9,0.0
-1.0,-0.85,0.0
-1.0,-0.8,0.0
-1.0,-0.75,0.0
-1.0,-0.7,0.0
-1.0,-0.65,0.0
-1.0,-0.6,0.0
-1.0,-0.55,0.0
-1.0,-0.5,0.0
-1.0,-0.45,0.0
-1.0,-0.4,0.0
-1.0,-0.35,0.0
-1.0,-0.3,0.0
-1.0,-0.25,0.0
-1.0,-0.2,0.0
-1.0,-0.15,0.0
-1.0,-0.1,0.0
-1.0,-0.05,0.0
-1.0,0.0,0.0
-1.0,0.05,0.0
-1.0,0.1,0.0
-1.0,0.15,0.0
-1.0,0.2,0.0
-1.0,0.25,0.0
-1.0,0.3,0.0
-1.0,0.35,0.0
-1.0,0.4,0.0
-1.0,0.45,0.0
-1.0,0.5,0.0
-1.0,0.55,0.0
-1.0,0.6,0.0
-1.0,0.65,0.0
-1.0,0.7,0.0
-1.0,0.75,0.0
-1.0,0.8,0.0
-1.0,0.85,0.0
-1.0,0.9,0.0
-1.0,0.95,0.0
-1.0,1.0,0.0
-0.95,-1.0,0.07697659615413083
-0.95,-0.95,0.2842212781075599
-0.95,-0.9,0.6454191523692507
-0.95,-0.85,0.5625212795878791
-0.95,-0.8,0.3848829807706541
-0.95,-0.75,0.35527659763444996
-0.95,-0.7,0.2842212781075599
-0.95,-0.65,0.19540212869894746
-0.95,-0.6,0.2013234053261883
-0.95,-0.55,0.2368510650896333
-0.95,-0.5,0.1480319156810208
-0.95,-0.45,0.12434680917205748
-0.95,-0.4,0.11250425591757582
-0.95,-0.35,0.12434680917205748
-0.95,-0.3,0.09474042603585332
-0.95,-0.25,0.09474042603585332
-0.95,-0.2,0.11842553254481665
-0.95,-0.15,0.14211063905377996
-0.95,-0.1,0.12434680917205748
-0.95,-0.05,0.14211063905377996
-0.95,0.0,0.16579574556274332
-0.95,0.05,0.17763829881722498
-0.95,0.1,0.12434680917205748
-0.95,0.15,0.10066170266309415
-0.95,0.2,0.04737021301792666
-0.95,0.25,0.07697659615413083
-0.95,0.3,0.05329148964516749
-0.95,0.35,0.02368510650896333
-0.95,0.4,0.059212766272408325
-0.95,0.45,0.011842553254481665
-0.95,0.5,0.04144893639068583
-0.95,0.55,0.04144893639068583
-0.95,0.6,0.05329148964516749
-0.95,0.65,0.017763829881722495
-0.95,0.7,0.059212766272408325
-0.95,0.75,0.03552765976344499
-0.95,0.8,0.03552765976344499
-0.95,0.85,0.08881914940861249
-0.95,0.9,0.1302680857992983
-0.95,0.95,0.11250425591757582
-0.95,1.0,0.15395319230826165
-0.9,-1.0,0.31974893787100495
-0.9,-0.95,0.7460808550323449
-0.9,-0.9,2.0902106494160138
-0.9,-0.85,2.1316595858066996
-0.9,-0.8,1.5336106464553756
-0.9,-0.75,1.4092638372833182
-0.9,-0.7,0.9651680902402556
-0.9,-0.65,0.8171361745592348
-0.9,-0.6,0.8230574511864757
-0.9,-0.55,0.8171361745592348
-0.9,-0.5,0.6631829822509733
-0.9,-0.45,0.6513404289964916
-0.9,-0.4,0.5033085133154708
-0.9,-0.35,0.41448936390685825
-0.9,-0.3,0.4737021301792666
-0.9,-0.25,0.3848829807706541
-0.9,-0.2,0.48554468343374824
-0.9,-0.15,0.3375127677527274
-0.9,-0.1,0.4204106405340991
-0.9,-0.05,0.5566000029606383
-0.9,0.0,0.6809468121326957
-0.9,0.05,0.5388361730789157
-0.9,0.1,0.47962340680650745
-0.9,0.15,0.26645744822583745
-0.9,0.2,0.3079063846165233
-0.9,0.25,0.23092978846239245
-0.9,0.3,0.19540212869894746
-0.9,0.35,0.13618936242653915
-0.9,0.4,0.15395319230826165
-0.9,0.45,0.15987446893550247
-0.9,0.5,0.20724468195342913
-0.9,0.55,0.16579574556274332
-0.9,0.6,0.14211063905377996
-0.9,0.65,0.1480319156810208
-0.9,0.7,0.13618936242653915
-0.9,0.75,0.14211063905377996
-0.9,0.8,0.1480319156810208
-0.9,0.85,0.15987446893550247
-0.9,0.9,0.15395319230826165
-0.9,0.95,0.47962340680650745
-0.9,1.0,0.41448936390685825
-0.85,-1.0,0.3079063846165233
-0.85,-0.95,0.6809468121326957
-0.85,-0.9,1.9599425636167156
-0.85,-0.85,1.8474383076991396
-0.85,-0.8,1.6401936257457106
-0.85,-0.75,1.3974212840288365
-0.85,-0.7,1.379657454147114
-0.85,-0.65,0.9237191538495698
-0.85,-0.6,1.160570218939203
-0.85,-0.55,0.7816085147957899
-0.85,-0.5,0.6927893653871774
-0.85,-0.45,0.5980489393513241
-0.85,-0.4,0.6098914926058058
-0.85,-0.35,0.6513404289964916
-0.85,-0.3,0.5388361730789157
-0.85,-0.25,0.47962340680650745
-0.85,-0.2,0.5329148964516749
-0.85,-0.15,0.43225319378858074
-0.85,-0.1,0.4618595769247849
-0.85,-0.05,0.526993619824434
-0.85,0.0,0.6631829822509733
-0.85,0.05,0.5625212795878791
-0.85,0.1,0.49738723668822993
-0.85,0.15,0.31974893787100495
-0.85,0.2,0.2013234053261883
-0.85,0.25,0.17171702218998414
-0.85,0.3,0.2190872352079108
-0.85,0.35,0.2368510650896333
-0.85,0.4,0.17171702218998414
-0.85,0.45,0.11842553254481665
-0.85,0.5,0.1302680857992983
-0.85,0.55,0.12434680917205748
-0.85,0.6,0.1302680857992983
-0.85,0.65,0.11842553254481665
-0.85,0.7,0.14211063905377996
-0.85,0.75,0.12434680917205748
-0.85,0.8,0.11842553254481665
-0.85,0.85,0.1835595754444658
-0.85,0.9,0.3375127677527274
-0.85,0.95,0.42633191716133995
-0.85,1.0,0.3375127677527274
-0.8,-1.0,0.17763829881722498
-0.8,-0.95,0.5625212795878791
-0.8,-0.9,1.6698000088819147
-0.8,-0.85,1.8474383076991396
-0.8,-0.8,1.4211063905377999
-0.8,-0.75,1.338208517756428
-0.8,-0.7,1.2612319216022974
-0.8,-0.65,0.9651680902402556
-0.8,-0.6,0.8704276642044023
-0.8,-0.55,0.6927893653871774
-0.8,-0.5,0.7520021316595857
-0.8,-0.45,0.6572617056237324
-0.8,-0.4,0.5862063860968424
-0.8,-0.35,0.526993619824434
-0.8,-0.3,0.46778085355202575
-0.8,-0.25,0.4026468106523766
-0.8,-0.2,0.5388361730789157
-0.8,-0.15,0.3671191508889316
-0.8,-0.1,0.4204106405340991
-0.8,-0.05,0.5506787263333974
-0.8,0.0,0.633576599114769
-0.8,0.05,0.5388361730789157
-0.8,0.1,0.5447574497061566
-0.8,0.15,0.22500851183515164
-0.8,0.2,0.17171702218998414
-0.8,0.25,0.2013234053261883
-0.8,0.3,0.15987446893550247
-0.8,0.35,0.10066170266309415
-0.8,0.4,0.09474042603585332
-0.8,0.45,0.10658297929033499
-0.8,0.5,0.1480319156810208
-0.8,0.55,0.19540212869894746
-0.8,0.6,0.15395319230826165
-0.8,0.65,0.08881914940861249
-0.8,0.7,0.13618936242653915
-0.8,0.75,0.14211063905377996
-0.8,0.8,0.15987446893550247
-0.8,0.85,0.2013234053261883
-0.8,0.9,0.20724468195342913
-0.8,0.95,0.2960638313620416
-0.8,1.0,0.26645744822583745
-0.75,-1.0,0.10066170266309415
-0.75,-0.95,0.3908042573978949
-0.75,-0.9,1.267153198229538
-0.75,-0.85,1.5454531997098573
-0.75,-0.8,1.2612319216022974
-0.75,-0.75,1.2079404319571299
-0.75,-0.7,1.0066170266309415
-0.75,-0.65,0.953325536985774
-0.75,-0.6,0.8645063875771615
-0.75,-0.55,0.8408212810681982
-0.75,-0.5,0.6868680887599365
-0.75,-0.45,0.5329148964516749
-0.75,-0.4,0.5329148964516749
-0.75,-0.35,0.48554468343374824
-0.75,-0.3,0.4737021301792666
-0.75,-0.25,0.48554468343374824
-0.75,-0.2,0.5329148964516749
-0.75,-0.15,0.4914659600609891
-0.75,-0.1,0.4500170236703033
-0.75,-0.05,0.4500170236703033
-0.75,0.0,0.5388361730789157
-0.75,0.05,0.4737021301792666
-0.75,0.1,0.3908042573978949
-0.75,0.15,0.2842212781075599
-0.75,0.2,0.2013234053261883
-0.75,0.25,0.15987446893550247
-0.75,0.3,0.13618936242653915
-0.75,0.35,0.11842553254481665
-0.75,0.4,0.15395319230826165
-0.75,0.45,0.12434680917205748
-0.75,0.5,0.14211063905377996
-0.75,0.55,0.11250425591757582
-0.75,0.6,0.08289787278137166
-0.75,0.65,0.10066170266309415
-0.75,0.7,0.08289787278137166
-0.75,0.75,0.10066170266309415
-0.75,0.8,0.05329148964516749
-0.75,0.85,0.11842553254481665
-0.75,0.9,0.18948085207170665
-0.75,0.95,0.2368510650896333
-0.75,1.0,0.2546148949713558
-0.7,-1.0,0.11842553254481665
-0.7,-0.95,0.36119787426169075
-0.7,-0.9,1.202019155329889
-0.7,-0.85,1.273074474856779
-0.7,-0.8,1.2908383047385015
-0.7,-0.75,1.1072787292940356
-0.7,-0.7,1.0421446863943864
-0.7,-0.65,0.7934510680502715
-0.7,-0.6,0.8289787278137165
-0.7,-0.55,0.6987106420144182
-0.7,-0.5,0.5625212795878791
-0.7,-0.45,0.5980489393513241
-0.7,-0.4,0.4440957470430624
-0.7,-0.35,0.43225319378858074
-0.7,-0.3,0.3375127677527274
-0.7,-0.25,0.3908042573978949
-0.7,-0.2,0.4026468106523766
-0.7,-0.15,0.35527659763444996
-0.7,-0.1,0.3848829807706541
-0.7,-0.05,0.4737021301792666
-0.7,0.0,0.5447574497061566
-0.7,0.05,0.526993619824434
-0.7,0.1,0.35527659763444996
-0.7,0.15,0.2605361715985966
-0.7,0.2,0.23092978846239245
-0.7,0.25,0.15987446893550247
-0.7,0.3,0.11250425591757582
-0.7,0.35,0.13618936242653915
-0.7,0.4,0.12434680917205748
-0.7,0.45,0.13618936242653915
-0.7,0.5,0.11842553254481665
-0.7,0.55,0.1302680857992983
-0.7,0.6,0.07697659615413083
-0.7,0.65,0.11842553254481665
-0.7,0.7,0.09474042603585332
-0.7,0.75,0.08881914940861249
-0.7,0.8,0.11250425591757582
-0.7,0.85,0.07697659615413083
-0.7,0.9,0.1302680857992983
-0.7,0.95,0.26645744822583745
-0.7,1.0,0.19540212869894746
-0.65,-1.0,0.08289787278137166
-0.65,-0.95,0.2546148949713558
-0.65,-0.9,1.030302133139905
-0.65,-0.85,1.1132000059212765
-0.65,-0.8,1.0006957500037006
-0.65,-0.75,0.9237191538495698
-0.65,-0.7,0.917797877222329
-0.65,-0.65,0.6631829822509733
-0.65,-0.6,0.7934510680502715
-0.65,-0.55,0.5210723431971932
-0.65,-0.5,0.6039702159785649
-0.65,-0.45,0.3908042573978949
-0.65,-0.4,0.41448936390685825
-0.65,-0.35,0.3848829807706541
-0.65,-0.3,0.41448936390685825
-0.65,-0.25,0.3848829807706541
-0.65,-0.2,0.42633191716133995
-0.65,-0.15,0.4440957470430624
-0.65,-0.1,0.27830000148031914
-0.65,-0.05,0.47962340680650745
-0.65,0.0,0.49738723668822993
-0.65,0.05,0.5092297899427116
-0.65,0.1,0.24869361834411496
-0.65,0.15,0.24277234171687412
-0.65,0.2,0.15395319230826165
-0.65,0.25,0.19540212869894746
-0.65,0.3,0.16579574556274332
-0.65,0.35,0.10066170266309415
-0.65,0.4,0.09474042603585332
-0.65,0.45,0.07105531952688998
-0.65,0.5,0.10658297929033499
-0.65,0.55,0.1480319156810208
-0.65,0.6,0.07697659615413083
-0.65,0.65,0.1302680857992983
-0.65,0.7,0.059212766272408325
-0.65,0.75,0.1302680857992983
-0.65,0.8,0.10658297929033499
-0.65,0.85,0.2013234053261883
-0.65,0.9,0.1302680857992983
-0.65,0.95,0.2368510650896333
-0.65,1.0,0.1480319156810208
-0.6,-1.0,0.11250425591757582
-0.6,-0.95,0.26645744822583745
-0.6,-0.9,0.8408212810681982
-0.6,-0.85,1.0006957500037006
-0.6,-0.8,0.9947744733764599
-0.6,-0.75,0.953325536985774
-0.6,-0.7,0.7460808550323449
-0.6,-0.65,0.6927893653871774
-0.6,-0.6,0.5862063860968424
-0.6,-0.55,0.5684425562151199
-0.6,-0.5,0.526993619824434
-0.6,-0.45,0.4204106405340991
-0.6,-0.4,0.47962340680650745
-0.6,-0.35,0.43225319378858074
-0.6,-0.3,0.3434340443799683
-0.6,-0.25,0.4440957470430624
-0.6,-0.2,0.30198510798928246
-0.6,-0.15,0.4204106405340991
-0.6,-0.1,0.41448936390685825
-0.6,-0.05,0.4500170236703033
-0.6,0.0,0.4440957470430624
-0.6,0.05,0.43225319378858074
-0.6,0.1,0.30198510798928246
-0.6,0.15,0.2368510650896333
-0.6,0.2,0.19540212869894746
-0.6,0.25,0.16579574556274332
-0.6,0.3,0.11250425591757582
-0.6,0.35,0.10066170266309415
-0.6,0.4,0.11250425591757582
-0.6,0.45,0.08289787278137166
-0.6,0.5,0.12434680917205748
-0.6,0.55,0.07105531952688998
-0.6,0.6,0.07697659615413083
-0.6,0.65,0.07105531952688998
-0.6,0.7,0.07105531952688998
-0.6,0.75,0.08881914940861249
-0.6,0.8,0.05329148964516749
-0.6,0.85,0.08881914940861249
-0.6,0.9,0.15987446893550247
-0.6,0.95,0.24277234171687412
-0.6,1.0,0.12434680917205748
-0.55,-1.0,0.06513404289964915
-0.55,-0.95,0.1835595754444658
-0.55,-0.9,0.7816085147957899
-0.55,-0.85,0.9770106434947373
-0.55,-0.8,0.8230574511864757
-0.55,-0.75,0.9000340473406065
-0.55,-0.7,0.7697659615413082
-0.55,-0.65,0.6572617056237324
-0.55,-0.6,0.5566000029606383
-0.55,-0.55,0.526993619824434
-0.55,-0.5,0.5980489393513241
-0.55,-0.45,0.4381744704158216
-0.55,-0.4,0.4204106405340991
-0.55,-0.35,0.3493553210072091
-0.55,-0.3,0.2901425547348008
-0.55,-0.25,0.2842212781075599
-0.55,-0.2,0.31974893787100495
-0.55,-0.15,0.3848829807706541
-0.55,-0.1,0.35527659763444996
-0.55,-0.05,0.4026468106523766
-0.55,0.0,0.5092297899427116
-0.55,0.05,0.4618595769247849
-0.55,0.1,0.23092978846239245
-0.55,0.15,0.18948085207170665
-0.55,0.2,0.15987446893550247
-0.55,0.25,0.12434680917205748
-0.55,0.3,0.059212766272408325
-0.55,0.35,0.10658297929033499
-0.55,0.4,0.10658297929033499
-0.55,0.45,0.08881914940861249
-0.55,0.5,0.11250425591757582
-0.55,0.55,0.05329148964516749
-0.55,0.6,0.059212766272408325
-0.55,0.65,0.08881914940861249
-0.55,0.7,0.05329148964516749
-0.55,0.75,0.05329148964516749
-0.55,0.8,0.1302680857992983
-0.55,0.85,0.09474042603585332
-0.55,0.9,0.06513404289964915
-0.55,0.95,0.17763829881722498
-0.55,1.0,0.16579574556274332
-0.5,-1.0,0.04737021301792666
-0.5,-0.95,0.1835595754444658
-0.5,-0.9,0.6394978757420099
-0.5,-0.85,0.8171361745592348
-0.5,-0.8,0.8230574511864757
-0.5,-0.75,0.7816085147957899
-0.5,-0.7,0.6158127692330466
-0.5,-0.65,0.5743638328423607
-0.5,-0.6,0.5625212795878791
-0.5,-0.55,0.47962340680650745
-0.5,-0.5,0.4618595769247849
-0.5,-0.45,0.4914659600609891
-0.5,-0.4,0.43225319378858074
-0.5,-0.35,0.36119787426169075
-0.5,-0.3,0.3848829807706541
-0.5,-0.25,0.33159149112548664
-0.5,-0.2,0.3671191508889316
-0.5,-0.15,0.3789617041434133
-0.5,-0.1,0.31974893787100495
-0.5,-0.05,0.4618595769247849
-0.5,0.0,0.4440957470430624
-0.5,0.05,0.47962340680650745
-0.5,0.1,0.2901425547348008
-0.5,0.15,0.18948085207170665
-0.5,0.2,0.15395319230826165
-0.5,0.25,0.15987446893550247
-0.5,0.3,0.11842553254481665
-0.5,0.35,0.07105531952688998
-0.5,0.4,0.06513404289964915
-0.5,0.45,0.07105531952688998
-0.5,0.5,0.08881914940861249
-0.5,0.55,0.07105531952688998
-0.5,0.6,0.07697659615413083
-0.5,0.65,0.08289787278137166
-0.5,0.7,0.06513404289964915
-0.5,0.75,0.08289787278137166
-0.5,0.8,0.07697659615413083
-0.5,0.85,0.11842553254481665
-0.5,0.9,0.12434680917205748
-0.5,0.95,0.2190872352079108
-0.5,1.0,0.14211063905377996
-0.45,-1.0,0.05329148964516749
-0.45,-0.95,0.17171702218998414
-0.45,-0.9,0.6631829822509733
-0.45,-0.85,0.7164744718961407
-0.45,-0.8,0.7164744718961407
-0.45,-0.75,0.7164744718961407
-0.45,-0.7,0.5743638328423607
-0.45,-0.65,0.5625212795878791
-0.45,-0.6,0.5684425562151199
-0.45,-0.55,0.4737021301792666
-0.45,-0.5,0.4085680872796174
-0.45,-0.45,0.4559383002975441
-0.45,-0.4,0.37304042751617245
-0.45,-0.35,0.4204106405340991
-0.45,-0.3,0.3079063846165233
-0.45,-0.25,0.31974893787100495
-0.45,-0.2,0.3138276612437641
-0.45,-0.15,0.3375127677527274
-0.45,-0.1,0.2901425547348008
-0.45,-0.05,0.33159149112548664
-0.45,0.0,0.4914659600609891
-0.45,0.05,0.37304042751617245
-0.45,0.1,0.2723787248530783
-0.45,0.15,0.19540212869894746
-0.45,0.2,0.15395319230826165
-0.45,0.25,0.059212766272408325
-0.45,0.3,0.13618936242653915
-0.45,0.35,0.10066170266309415
-0.45,0.4,0.08881914940861249
-0.45,0.45,0.07697659615413083
-0.45,0.5,0.06513404289964915
-0.45,0.55,0.08289787278137166
-0.45,0.6,0.08289787278137166
-0.45,0.65,0.07697659615413083
-0.45,0.7,0.09474042603585332
-0.45,0.75,0.07105531952688998
-0.45,0.8,0.08881914940861249
-0.45,0.85,0.059212766272408325
-0.45,0.9,0.13618936242653915
-0.45,0.95,0.2190872352079108
-0.45,1.0,0.09474042603585332
-0.4,-1.0,0.07697659615413083
-0.4,-0.95,0.12434680917205748
-0.4,-0.9,0.6809468121326957
-0.4,-0.85,0.7283170251506224
-0.4,-0.8,0.633576599114769
-0.4,-0.75,0.5980489393513241
-0.4,-0.7,0.5743638328423607
-0.4,-0.65,0.5447574497061566
-0.4,-0.6,0.4381744704158216
-0.4,-0.55,0.35527659763444996
-0.4,-0.5,0.4085680872796174
-0.4,-0.45,0.37304042751617245
-0.4,-0.4,0.3848829807706541
-0.4,-0.35,0.3908042573978949
-0.4,-0.3,0.30198510798928246
-0.4,-0.25,0.31974893787100495
-0.4,-0.2,0.2723787248530783
-0.4,-0.15,0.24277234171687412
-0.4,-0.1,0.30198510798928246
-0.4,-0.05,0.4440957470430624
-0.4,0.0,0.4500170236703033
-0.4,0.05,0.3256702144982458
-0.4,0.1,0.2368510650896333
-0.4,0.15,0.14211063905377996
-0.4,0.2,0.15987446893550247
-0.4,0.25,0.14211063905377996
-0.4,0.3,0.07697659615413083
-0.4,0.35,0.10658297929033499
-0.4,0.4,0.05329148964516749
-0.4,0.45,0.09474042603585332
-0.4,0.5,0.04737021301792666
-0.4,0.55,0.06513404289964915
-0.4,0.6,0.08881914940861249
-0.4,0.65,0.07697659615413083
-0.4,0.7,0.07105531952688998
-0.4,0.75,0.08881914940861249
-0.4,0.8,0.07697659615413083
-0.4,0.85,0.07105531952688998
-0.4,0.9,0.11842553254481665
-0.4,0.95,0.2190872352079108
-0.4,1.0,0.13618936242653915
-0.35,-1.0,0.05329148964516749
-0.35,-0.95,0.17763829881722498
-0.35,-0.9,0.6158127692330466
-0.35,-0.85,0.6217340458602874
-0.35,-0.8,0.5151510665699525
-0.35,-0.75,0.5329148964516749
-0.35,-0.7,0.5447574497061566
-0.35,-0.65,0.4914659600609891
-0.35,-0.6,0.47962340680650745
-0.35,-0.55,0.42633191716133995
-0.35,-0.5,0.3671191508889316
-0.35,-0.45,0.3967255340251358
-0.35,-0.4,0.35527659763444996
-0.35,-0.35,0.2960638313620416
-0.35,-0.3,0.26645744822583745
-0.35,-0.25,0.2960638313620416
-0.35,-0.2,0.4204106405340991
-0.35,-0.15,0.33159149112548664
-0.35,-0.1,0.27830000148031914
-0.35,-0.05,0.42633191716133995
-0.35,0.0,0.4440957470430624
-0.35,0.05,0.3256702144982458
-0.35,0.1,0.2723787248530783
-0.35,0.15,0.2190872352079108
-0.35,0.2,0.1835595754444658
-0.35,0.25,0.11250425591757582
-0.35,0.3,0.08289787278137166
-0.35,0.35,0.09474042603585332
-0.35,0.4,0.08289787278137166
-0.35,0.45,0.05329148964516749
-0.35,0.5,0.07697659615413083
-0.35,0.55,0.05329148964516749
-0.35,0.6,0.04144893639068583
-0.35,0.65,0.059212766272408325
-0.35,0.7,0.07105531952688998
-0.35,0.75,0.1302680857992983
-0.35,0.8,0.08881914940861249
-0.35,0.85,0.09474042603585332
-0.35,0.9,0.16579574556274332
-0.35,0.95,0.17763829881722498
-0.35,1.0,0.10066170266309415
-0.3,-1.0,0.03552765976344499
-0.3,-0.95,0.15395319230826165
-0.3,-0.9,0.5802851094696015
-0.3,-0.85,0.5862063860968424
-0.3,-0.8,0.6039702159785649
-0.3,-0.75,0.6572617056237324
-0.3,-0.7,0.4500170236703033
-0.3,-0.65,0.42633191716133995
-0.3,-0.6,0.4440957470430624
-0.3,-0.55,0.4737021301792666
-0.3,-0.5,0.31974893787100495
-0.3,-0.45,0.37304042751617245
-0.3,-0.4,0.35527659763444996
-0.3,-0.35,0.30198510798928246
-0.3,-0.3,0.3138276612437641
-0.3,-0.25,0.3671191508889316
-0.3,-0.2,0.3434340443799683
-0.3,-0.15,0.41448936390685825
-0.3,-0.1,0.36119787426169075
-0.3,-0.05,0.4026468106523766
-0.3,0.0,0.42633191716133995
-0.3,0.05,0.33159149112548664
-0.3,0.1,0.2368510650896333
-0.3,0.15,0.1302680857992983
-0.3,0.2,0.15395319230826165
-0.3,0.25,0.10066170266309415
-0.3,0.3,0.12434680917205748
-0.3,0.35,0.07697659615413083
-0.3,0.4,0.11842553254481665
-0.3,0.45,0.08881914940861249
-0.3,0.5,0.05329148964516749
-0.3,0.55,0.07105531952688998
-0.3,0.6,0.059212766272408325
-0.3,0.65,0.03552765976344499
-0.3,0.7,0.07697659615413083
-0.3,0.75,0.07105531952688998
-0.3,0.8,0.08289787278137166
-0.3,0.85,0.08289787278137166
-0.3,0.9,0.07697659615413083
-0.3,0.95,0.18948085207170665
-0.3,1.0,0.11250425591757582
-0.25,-1.0,0.04144893639068583
-0.25,-0.95,0.16579574556274332
-0.25,-0.9,0.5092297899427116
-0.25,-0.85,0.6158127692330466
-0.25,-0.8,0.6572617056237324
-0.25,-0.75,0.5980489393513241
-0.25,-0.7,0.5151510665699525
-0.25,-0.65,0.3848829807706541
-0.25,-0.6,0.46778085355202575
-0.25,-0.55,0.4618595769247849
-0.25,-0.5,0.4085680872796174
-0.25,-0.45,0.35527659763444996
-0.25,-0.4,0.2901425547348008
-0.25,-0.35,0.2960638313620416
-0.25,-0.3,0.3434340443799683
-0.25,-0.25,0.3848829807706541
-0.25,-0.2,0.3138276612437641
-0.25,-0.15,0.3138276612437641
-0.25,-0.1,0.3138276612437641
-0.25,-0.05,0.4085680872796174
-0.25,0.0,0.4500170236703033
-0.25,0.05,0.41448936390685825
-0.25,0.1,0.27830000148031914
-0.25,0.15,0.1480319156810208
-0.25,0.2,0.12434680917205748
-0.25,0.25,0.15395319230826165
-0.25,0.3,0.11842553254481665
-0.25,0.35,0.09474042603585332
-0.25,0.4,0.08881914940861249
-0.25,0.45,0.059212766272408325
-0.25,0.5,0.10066170266309415
-0.25,0.55,0.059212766272408325
-0.25,0.6,0.08289787278137166
-0.25,0.65,0.04144893639068583
-0.25,0.7,0.06513404289964915
-0.25,0.75,0.06513404289964915
-0.25,0.8,0.11250425591757582
-0.25,0.85,0.10066170266309415
-0.25,0.9,0.1302680857992983
-0.25,0.95,0.13618936242653915
-0.25,1.0,0.11250425591757582
-0.2,-1.0,0.04144893639068583
-0.2,-0.95,0.15987446893550247
-0.2,-0.9,0.49738723668822993
-0.2,-0.85,0.6809468121326957
-0.2,-0.8,0.5151510665699525
-0.2,-0.75,0.4500170236703033
-0.2,-0.7,0.42633191716133995
-0.2,-0.65,0.46778085355202575
-0.2,-0.6,0.37304042751617245
-0.2,-0.55,0.4026468106523766
-0.2,-0.5,0.3789617041434133
-0.2,-0.45,0.3138276612437641
-0.2,-0.4,0.2605361715985966
-0.2,-0.35,0.3375127677527274
-0.2,-0.3,0.2368510650896333
-0.2,-0.25,0.3375127677527274
-0.2,-0.2,0.3434340443799683
-0.2,-0.15,0.33159149112548664
-0.2,-0.1,0.31974893787100495
-0.2,-0.05,0.3434340443799683
-0.2,0.0,0.6098914926058058
-0.2,0.05,0.35527659763444996
-0.2,0.1,0.23092978846239245
-0.2,0.15,0.1835595754444658
-0.2,0.2,0.17171702218998414
-0.2,0.25,0.1302680857992983
-0.2,0.3,0.08881914940861249
-0.2,0.35,0.10066170266309415
-0.2,0.4,0.10066170266309415
-0.2,0.45,0.07105531952688998
-0.2,0.5,0.10066170266309415
-0.2,0.55,0.10066170266309415
-0.2,0.6,0.04737021301792666
-0.2,0.65,0.06513404289964915
-0.2,0.7,0.07105531952688998
-0.2,0.75,0.03552765976344499
-0.2,0.8,0.05329148964516749
-0.2,0.85,0.09474042603585332
-0.2,0.9,0.1302680857992983
-0.2,0.95,0.24277234171687412
-0.2,1.0,0.08881914940861249
-0.15,-1.0,0.07697659615413083
-0.15,-0.95,0.11842553254481665
-0.15,-0.9,0.4440957470430624
-0.15,-0.85,0.6394978757420099
-0.15,-0.8,0.5625212795878791
-0.15,-0.75,0.5151510665699525
-0.15,-0.7,0.47962340680650745
-0.15,-0.65,0.46778085355202575
-0.15,-0.6,0.3671191508889316
-0.15,-0.55,0.3908042573978949
-0.15,-0.5,0.30198510798928246
-0.15,-0.45,0.30198510798928246
-0.15,-0.4,0.33159149112548664
-0.15,-0.35,0.2960638313620416
-0.15,-0.3,0.22500851183515164
-0.15,-0.25,0.26645744822583745
-0.15,-0.2,0.2723787248530783
-0.15,-0.15,0.33159149112548664
-0.15,-0.1,0.3493553210072091
-0.15,-0.05,0.37304042751617245
-0.15,0.0,0.5447574497061566
-0.15,0.05,0.4026468106523766
-0.15,0.1,0.33159149112548664
-0.15,0.15,0.2368510650896333
-0.15,0.2,0.15987446893550247
-0.15,0.25,0.14211063905377996
-0.15,0.3,0.1302680857992983
-0.15,0.35,0.06513404289964915
-0.15,0.4,0.09474042603585332
-0.15,0.45,0.08881914940861249
-0.15,0.5,0.059212766272408325
-0.15,0.55,0.06513404289964915
-0.15,0.6,0.029606383136204163
-0.15,0.65,0.04737021301792666
-0.15,0.7,0.09474042603585332
-0.15,0.75,0.06513404289964915
-0.15,0.8,0.08289787278137166
-0.15,0.85,0.11842553254481665
-0.15,0.9,0.15987446893550247
-0.15,0.95,0.18948085207170665
-0.15,1.0,0.11250425591757582
-0.1,-1.0,0.09474042603585332
-0.1,-0.95,0.17171702218998414
-0.1,-0.9,0.5033085133154708
-0.1,-0.85,0.6276553224875282
-0.1,-0.8,0.5802851094696015
-0.1,-0.75,0.4914659600609891
-0.1,-0.7,0.48554468343374824
-0.1,-0.65,0.49738723668822993
-0.1,-0.6,0.5625212795878791
-0.1,-0.55,0.3908042573978949
-0.1,-0.5,0.4085680872796174
-0.1,-0.45,0.33159149112548664
-0.1,-0.4,0.3848829807706541
-0.1,-0.35,0.30198510798928246
-0.1,-0.3,0.35527659763444996
-0.1,-0.25,0.3434340443799683
-0.1,-0.2,0.3493553210072091
-0.1,-0.15,0.3079063846165233
-0.1,-0.1,0.5151510665699525
-0.1,-0.05,0.4618595769247849
-0.1,0.0,0.6217340458602874
-0.1,0.05,0.49738723668822993
-0.1,0.1,0.3256702144982458
-0.1,0.15,0.24869361834411496
-0.1,0.2,0.27830000148031914
-0.1,0.25,0.1302680857992983
-0.1,0.3,0.1480319156810208
-0.1,0.35,0.11842553254481665
-0.1,0.4,0.08881914940861249
-0.1,0.45,0.10658297929033499
-0.1,0.5,0.11842553254481665
-0.1,0.55,0.08881914940861249
-0.1,0.6,0.06513404289964915
-0.1,0.65,0.09474042603585332
-0.1,0.7,0.08881914940861249
-0.1,0.75,0.09474042603585332
-0.1,0.8,0.11250425591757582
-0.1,0.85,0.06513404289964915
-0.1,0.9,0.20724468195342913
-0.1,0.95,0.22500851183515164
-0.1,1.0,0.11250425591757582
-0.05,-1.0,0.06513404289964915
-0.05,-0.95,0.12434680917205748
-0.05,-0.9,0.5566000029606383
-0.05,-0.85,0.5862063860968424
-0.05,-0.8,0.5802851094696015
-0.05,-0.75,0.5684425562151199
-0.05,-0.7,0.526993619824434
-0.05,-0.65,0.4914659600609891
-0.05,-0.6,0.3848829807706541
-0.05,-0.55,0.35527659763444996
-0.05,-0.5,0.3789617041434133
-0.05,-0.45,0.4204106405340991
-0.05,-0.4,0.42633191716133995
-0.05,-0.35,0.4085680872796174
-0.05,-0.3,0.42633191716133995
-0.05,-0.25,0.4381744704158216
-0.05,-0.2,0.4085680872796174
-0.05,-0.15,0.4085680872796174
-0.05,-0.1,0.37304042751617245
-0.05,-0.05,0.6513404289964916
-0.05,0.0,0.6750255355054549
-0.05,0.05,0.5388361730789157
-0.05,0.1,0.3434340443799683
-0.05,0.15,0.17171702218998414
-0.05,0.2,0.12434680917205748
-0.05,0.25,0.14211063905377996
-0.05,0.3,0.15987446893550247
-0.05,0.35,0.11250425591757582
-0.05,0.4,0.10658297929033499
-0.05,0.45,0.12434680917205748
-0.05,0.5,0.07697659615413083
-0.05,0.55,0.15987446893550247
-0.05,0.6,0.06513404289964915
-0.05,0.65,0.1302680857992983
-0.05,0.7,0.10658297929033499
-0.05,0.75,0.05329148964516749
-0.05,0.8,0.13618936242653915
-0.05,0.85,0.13618936242653915
-0.05,0.9,0.1835595754444658
-0.05,0.95,0.26645744822583745
-0.05,1.0,0.1302680857992983
0.0,-1.0,0.11250425591757582
0.0,-0.95,0.18948085207170665
0.0,-0.9,0.7460808550323449
0.0,-0.85,0.6513404289964916
0.0,-0.8,0.6276553224875282
0.0,-0.75,0.6276553224875282
0.0,-0.7,0.5329148964516749
0.0,-0.65,0.5151510665699525
0.0,-0.6,0.5388361730789157
0.0,-0.55,0.4204106405340991
0.0,-0.5,0.5329148964516749
0.0,-0.45,0.48554468343374824
0.0,-0.4,0.47962340680650745
0.0,-0.35,0.5151510665699525
0.0,-0.3,0.47962340680650745
0.0,-0.25,0.4737021301792666
0.0,-0.2,0.5033085133154708
0.0,-0.15,0.5033085133154708
0.0,-0.1,0.6217340458602874
0.0,-0.05,0.7283170251506224
0.0,0.0,0.8112148979319941
0.0,0.05,0.7105531952688999
0.0,0.1,0.5388361730789157
0.0,0.15,0.24277234171687412
0.0,0.2,0.23092978846239245
0.0,0.25,0.19540212869894746
0.0,0.3,0.16579574556274332
0.0,0.35,0.16579574556274332
0.0,0.4,0.10066170266309415
0.0,0.45,0.1302680857992983
0.0,0.5,0.1302680857992983
0.0,0.55,0.09474042603585332
0.0,0.6,0.11842553254481665
0.0,0.65,0.17763829881722498
0.0,0.7,0.16579574556274332
0.0,0.75,0.16579574556274332
0.0,0.8,0.14211063905377996
0.0,0.85,0.17763829881722498
0.0,0.9,0.2901425547348008
0.0,0.95,0.30198510798928246
0.0,1.0,0.11842553254481665
0.05,-1.0,0.09474042603585332
0.05,-0.95,0.19540212869894746
0.05,-0.9,0.633576599114769
0.05,-0.85,0.882270217458884
0.05,-0.8,0.6750255355054549
0.05,-0.75,0.6454191523692507
0.05,-0.7,0.5802851094696015
0.05,-0.65,0.48554468343374824
0.05,-0.6,0.5329148964516749
0.05,-0.55,0.37304042751617245
0.05,-0.5,0.4914659600609891
0.05,-0.45,0.43225319378858074
0.05,-0.4,0.3967255340251358
0.05,-0.35,0.3493553210072091
0.05,-0.3,0.35527659763444996
0.05,-0.25,0.4500170236703033
0.05,-0.2,0.3789617041434133
0.05,-0.15,0.4559383002975441
0.05,-0.1,0.5625212795878791
0.05,-0.05,0.5566000029606383
0.05,0.0,0.8704276642044023
0.05,0.05,0.775687238168549
0.05,0.1,0.5092297899427116
0.05,0.15,0.31974893787100495
0.05,0.2,0.23092978846239245
0.05,0.25,0.2546148949713558
0.05,0.3,0.18948085207170665
0.05,0.35,0.11842553254481665
0.05,0.4,0.22500851183515164
0.05,0.45,0.17763829881722498
0.05,0.5,0.13618936242653915
0.05,0.55,0.12434680917205748
0.05,0.6,0.09474042603585332
0.05,0.65,0.14211063905377996
0.05,0.7,0.17171702218998414
0.05,0.75,0.13618936242653915
0.05,0.8,0.1835595754444658
0.05,0.85,0.2546148949713558
0.05,0.9,0.24869361834411496
0.05,0.95,0.4500170236703033
0.05,1.0,0.20724468195342913
0.1,-1.0,0.029606383136204163
0.1,-0.95,0.09474042603585332
0.1,-0.9,0.43225319378858074
0.1,-0.85,0.3434340443799683
0.1,-0.8,0.4026468106523766
0.1,-0.75,0.3848829807706541
0.1,-0.7,0.4204106405340991
0.1,-0.65,0.27830000148031914
0.1,-0.6,0.24869361834411496
0.1,-0.55,0.35527659763444996
0.1,-0.5,0.26645744822583745
0.1,-0.45,0.2723787248530783
0.1,-0.4,0.24869361834411496
0.1,-0.35,0.2901425547348008
0.1,-0.3,0.2723787248530783
0.1,-0.25,0.24869361834411496
0.1,-0.2,0.2723787248530783
0.1,-0.15,0.3138276612437641
0.1,-0.1,0.2605361715985966
0.1,-0.05,0.36119787426169075
0.1,0.0,0.5684425562151199
0.1,0.05,0.41448936390685825
0.1,0.1,0.37304042751617245
0.1,0.15,0.2546148949713558
0.1,0.2,0.15987446893550247
0.1,0.25,0.11842553254481665
0.1,0.3,0.10066170266309415
0.1,0.35,0.08881914940861249
0.1,0.4,0.2013234053261883
0.1,0.45,0.07105531952688998
0.1,0.5,0.06513404289964915
0.1,0.55,0.08289787278137166
0.1,0.6,0.10658297929033499
0.1,0.65,0.07697659615413083
0.1,0.7,0.11842553254481665
0.1,0.75,0.07105531952688998
0.1,0.8,0.1302680857992983
0.1,0.85,0.15395319230826165
0.1,0.9,0.19540212869894746
0.1,0.95,0.3493553210072091
0.1,1.0,0.1835595754444658
0.15,-1.0,0.02368510650896333
0.15,-0.95,0.08289787278137166
0.15,-0.9,0.3079063846165233
0.15,-0.85,0.4026468106523766
0.15,-0.8,0.3908042573978949
0.15,-0.75,0.24277234171687412
0.15,-0.7,0.2368510650896333
0.15,-0.65,0.2842212781075599
0.15,-0.6,0.21316595858066997
0.15,-0.55,0.20724468195342913
0.15,-0.5,0.19540212869894746
0.15,-0.45,0.23092978846239245
0.15,-0.4,0.23092978846239245
0.15,-0.35,0.14211063905377996
0.15,-0.3,0.20724468195342913
0.15,-0.25,0.19540212869894746
0.15,-0.2,0.2368510650896333
0.15,-0.15,0.1835595754444658
0.15,-0.1,0.2960638313620416
0.15,-0.05,0.2901425547348008
0.15,0.0,0.5151510665699525
0.15,0.05,0.4026468106523766
0.15,0.1,0.21316595858066997
0.15,0.15,0.17171702218998414
0.15,0.2,0.11250425591757582
0.15,0.25,0.08881914940861249
0.15,0.3,0.11250425591757582
0.15,0.35,0.08881914940861249
0.15,0.4,0.11250425591757582
0.15,0.45,0.11842553254481665
0.15,0.5,0.07105531952688998
0.15,0.55,0.059212766272408325
0.15,0.6,0.059212766272408325
0.15,0.65,0.05329148964516749
0.15,0.7,0.07105531952688998
0.15,0.75,0.09474042603585332
0.15,0.8,0.08881914940861249
0.15,0.85,0.08289787278137166
0.15,0.9,0.11250425591757582
0.15,0.95,0.23092978846239245
0.15,1.0,0.05329148964516749
0.2,-1.0,0.02368510650896333
0.2,-0.95,0.059212766272408325
0.2,-0.9,0.30198510798928246
0.2,-0.85,0.2901425547348008
0.2,-0.8,0.21316595858066997
0.2,-0.75,0.30198510798928246
0.2,-0.7,0.2013234053261883
0.2,-0.65,0.1480319156810208
0.2,-0.6,0.22500851183515164
0.2,-0.55,0.17171702218998414
0.2,-0.5,0.15395319230826165
0.2,-0.45,0.22500851183515164
0.2,-0.4,0.17171702218998414
0.2,-0.35,0.2013234053261883
0.2,-0.3,0.14211063905377996
0.2,-0.25,0.15987446893550247
0.2,-0.2,0.15395319230826165
0.2,-0.15,0.1835595754444658
0.2,-0.1,0.24869361834411496
0.2,-0.05,0.24869361834411496
0.2,0.0,0.3375127677527274
0.2,0.05,0.3493553210072091
0.2,0.1,0.27830000148031914
0.2,0.15,0.17763829881722498
0.2,0.2,0.13618936242653915
0.2,0.25,0.08289787278137166
0.2,0.3,0.07105531952688998
0.2,0.35,0.10066170266309415
0.2,0.4,0.09474042603585332
0.2,0.45,0.05329148964516749
0.2,0.5,0.10066170266309415
0.2,0.55,0.07105531952688998
0.2,0.6,0.09474042603585332
0.2,0.65,0.07697659615413083
0.2,0.7,0.04737021301792666
0.2,0.75,0.06513404289964915
0.2,0.8,0.059212766272408325
0.2,0.85,0.07697659615413083
0.2,0.9,0.1302680857992983
0.2,0.95,0.23092978846239245
0.2,1.0,0.09474042603585332
0.25,-1.0,0.02368510650896333
0.25,-0.95,0.059212766272408325
0.25,-0.9,0.3079063846165233
0.25,-0.85,0.22500851183515164
0.25,-0.8,0.2546148949713558
0.25,-0.75,0.21316595858066997
0.25,-0.7,0.1480319156810208
0.25,-0.65,0.1302680857992983
0.25,-0.6,0.15987446893550247
0.25,-0.55,0.08881914940861249
0.25,-0.5,0.12434680917205748
0.25,-0.45,0.11842553254481665
0.25,-0.4,0.13618936242653915
0.25,-0.35,0.08289787278137166
0.25,-0.3,0.11250425591757582
0.25,-0.25,0.15987446893550247
0.25,-0.2,0.1302680857992983
0.25,-0.15,0.12434680917205748
0.25,-0.1,0.16579574556274332
0.25,-0.05,0.13618936242653915
0.25,0.0,0.2368510650896333
0.25,0.05,0.24277234171687412
0.25,0.1,0.20724468195342913
0.25,0.15,0.10658297929033499
0.25,0.2,0.06513404289964915
0.25,0.25,0.05329148964516749
0.25,0.3,0.06513404289964915
0.25,0.35,0.07697659615413083
0.25,0.4,0.059212766272408325
0.25,0.45,0.04737021301792666
0.25,0.5,0.03552765976344499
0.25,0.55,0.03552765976344499
0.25,0.6,0.04737021301792666
0.25,0.65,0.059212766272408325
0.25,0.7,0.06513404289964915
0.25,0.75,0.05329148964516749
0.25,0.8,0.07105531952688998
0.25,0.85,0.059212766272408325
0.25,0.9,0.15987446893550247
0.25,0.95,0.20724468195342913
0.25,1.0,0.09474042603585332
0.3,-1.0,0.011842553254481665
0.3,-0.95,0.06513404289964915
0.3,-0.9,0.21316595858066997
0.3,-0.85,0.23092978846239245
0.3,-0.8,0.24277234171687412
0.3,-0.75,0.12434680917205748
0.3,-0.7,0.13618936242653915
0.3,-0.65,0.14211063905377996
0.3,-0.6,0.10658297929033499
0.3,-0.55,0.1835595754444658
0.3,-0.5,0.09474042603585332
0.3,-0.45,0.11250425591757582
0.3,-0.4,0.1302680857992983
0.3,-0.35,0.14211063905377996
0.3,-0.3,0.08289787278137166
0.3,-0.25,0.11842553254481665
0.3,-0.2,0.08289787278137166
0.3,-0.15,0.06513404289964915
0.3,-0.1,0.11842553254481665
0.3,-0.05,0.1835595754444658
0.3,0.0,0.27830000148031914
0.3,0.05,0.23092978846239245
0.3,0.1,0.17171702218998414
0.3,0.15,0.08289787278137166
0.3,0.2,0.11842553254481665
0.3,0.25,0.11250425591757582
0.3,0.3,0.059212766272408325
0.3,0.35,0.11250425591757582
0.3,0.4,0.07697659615413083
0.3,0.45,0.05329148964516749
0.3,0.5,0.07697659615413083
0.3,0.55,0.05329148964516749
0.3,0.6,0.07105531952688998
0.3,0.65,0.04737021301792666
0.3,0.7,0.06513404289964915
0.3,0.75,0.07105531952688998
0.3,0.8,0.05329148964516749
0.3,0.85,0.12434680917205748
0.3,0.9,0.12434680917205748
0.3,0.95,0.14211063905377996
0.3,1.0,0.08289787278137166
0.35,-1.0,0.017763829881722495
0.35,-0.95,0.03552765976344499
0.35,-0.9,0.17171702218998414
0.35,-0.85,0.24277234171687412
0.35,-0.8,0.1835595754444658
0.35,-0.75,0.17763829881722498
0.35,-0.7,0.13618936242653915
0.35,-0.65,0.13618936242653915
0.35,-0.6,0.1302680857992983
0.35,-0.55,0.13618936242653915
0.35,-0.5,0.12434680917205748
0.35,-0.45,0.08289787278137166
0.35,-0.4,0.11250425591757582
0.35,-0.35,0.08289787278137166
0.35,-0.3,0.06513404289964915
0.35,-0.25,0.10658297929033499
0.35,-0.2,0.08289787278137166
0.35,-0.15,0.06513404289964915
0.35,-0.1,0.17763829881722498
0.35,-0.05,0.21316595858066997
0.35,0.0,0.22500851183515164
0.35,0.05,0.24869361834411496
0.35,0.1,0.15987446893550247
0.35,0.15,0.08289787278137166
0.35,0.2,0.06513404289964915
0.35,0.25,0.05329148964516749
0.35,0.3,0.08881914940861249
0.35,0.35,0.04737021301792666
0.35,0.4,0.029606383136204163
0.35,0.45,0.07105531952688998
0.35,0.5,0.03552765976344499
0.35,0.55,0.07105531952688998
0.35,0.6,0.04737021301792666
0.35,0.65,0.04144893639068583
0.35,0.7,0.05329148964516749
0.35,0.75,0.059212766272408325
0.35,0.8,0.08881914940861249
0.35,0.85,0.10066170266309415
0.35,0.9,0.12434680917205748
0.35,0.95,0.1302680857992983
0.35,1.0,0.059212766272408325
0.4,-1.0,0.02368510650896333
0.4,-0.95,0.04144893639068583
0.4,-0.9,0.1480319156810208
0.4,-0.85,0.13618936242653915
0.4,-0.8,0.19540212869894746
0.4,-0.75,0.10658297929033499
0.4,-0.7,0.10066170266309415
0.4,-0.65,0.09474042603585332
0.4,-0.6,0.08881914940861249
0.4,-0.55,0.07105531952688998
0.4,-0.5,0.10066170266309415
0.4,-0.45,0.1302680857992983
0.4,-0.4,0.09474042603585332
0.4,-0.35,0.10658297929033499
0.4,-0.3,0.09474042603585332
0.4,-0.25,0.10658297929033499
0.4,-0.2,0.10658297929033499
0.4,-0.15,0.1480319156810208
0.4,-0.1,0.08881914940861249
0.4,-0.05,0.15395319230826165
0.4,0.0,0.20724468195342913
0.4,0.05,0.2190872352079108
0.4,0.1,0.14211063905377996
0.4,0.15,0.11842553254481665
0.4,0.2,0.07697659615413083
0.4,0.25,0.03552765976344499
0.4,0.3,0.07105531952688998
0.4,0.35,0.03552765976344499
0.4,0.4,0.04144893639068583
0.4,0.45,0.04144893639068583
0.4,0.5,0.029606383136204163
0.4,0.55,0.06513404289964915
0.4,0.6,0.07105531952688998
0.4,0.65,0.04737021301792666
0.4,0.7,0.04144893639068583
0.4,0.75,0.06513404289964915
0.4,0.8,0.07697659615413083
0.4,0.85,0.059212766272408325
0.4,0.9,0.11250425591757582
0.4,0.95,0.18948085207170665
0.4,1.0,0.06513404289964915
0.45,-1.0,0.011842553254481665
0.45,-0.95,0.05329148964516749
0.45,-0.9,0.1302680857992983
0.45,-0.85,0.18948085207170665
0.45,-0.8,0.14211063905377996
0.45,-0.75,0.10658297929033499
0.45,-0.7,0.09474042603585332
0.45,-0.65,0.08881914940861249
0.45,-0.6,0.1480319156810208
0.45,-0.55,0.13618936242653915
0.45,-0.5,0.05329148964516749
0.45,-0.45,0.09474042603585332
0.45,-0.4,0.08881914940861249
0.45,-0.35,0.06513404289964915
0.45,-0.3,0.08289787278137166
0.45,-0.25,0.08289787278137166
0.45,-0.2,0.13618936242653915
0.45,-0.15,0.13618936242653915
0.45,-0.1,0.11250425591757582
0.45,-0.05,0.13618936242653915
0.45,0.0,0.17171702218998414
0.45,0.05,0.18948085207170665
0.45,0.1,0.11250425591757582
0.45,0.15,0.10658297929033499
0.45,0.2,0.10658297929033499
0.45,0.25,0.029606383136204163
0.45,0.3,0.08289787278137166
0.45,0.35,0.029606383136204163
0.45,0.4,0.07697659615413083
0.45,0.45,0.05329148964516749
0.45,0.5,0.07697659615413083
0.45,0.55,0.059212766272408325
0.45,0.6,0.011842553254481665
0.45,0.65,0.029606383136204163
0.45,0.7,0.03552765976344499
0.45,0.75,0.08289787278137166
0.45,0.8,0.06513404289964915
0.45,0.85,0.06513404289964915
0.45,0.9,0.08289787278137166
0.45,0.95,0.10066170266309415
0.45,1.0,0.08881914940861249
0.5,-1.0,0.029606383136204163
0.5,-0.95,0.029606383136204163
0.5,-0.9,0.1480319156810208
0.5,-0.85,0.13618936242653915
0.5,-0.8,0.1480319156810208
0.5,-0.75,0.12434680917205748
0.5,-0.7,0.05329148964516749
0.5,-0.65,0.09474042603585332
0.5,-0.6,0.10066170266309415
0.5,-0.55,0.12434680917205748
0.5,-0.5,0.04737021301792666
0.5,-0.45,0.08289787278137166
0.5,-0.4,0.06513404289964915
0.5,-0.35,0.10066170266309415
0.5,-0.3,0.07105531952688998
0.5,-0.25,0.12434680917205748
0.5,-0.2,0.07697659615413083
0.5,-0.15,0.08289787278137166
0.5,-0.1,0.10658297929033499
0.5,-0.05,0.11250425591757582
0.5,0.0,0.18948085207170665
0.5,0.05,0.2013234053261883
0.5,0.1,0.1480319156810208
0.5,0.15,0.07105531952688998
0.5,0.2,0.09474042603585332
0.5,0.25,0.07697659615413083
0.5,0.3,0.017763829881722495
0.5,0.35,0.059212766272408325
0.5,0.4,0.03552765976344499
0.5,0.45,0.05329148964516749
0.5,0.5,0.05329148964516749
0.5,0.55,0.05329148964516749
0.5,0.6,0.04144893639068583
0.5,0.65,0.04737021301792666
0.5,0.7,0.03552765976344499
0.5,0.75,0.02368510650896333
0.5,0.8,0.02368510650896333
0.5,0.85,0.04737021301792666
0.5,0.9,0.07105531952688998
0.5,0.95,0.1480319156810208
0.5,1.0,0.04144893639068583
0.55,-1.0,0.005921276627240833
0.55,-0.95,0.04737021301792666
0.55,-0.9,0.17763829881722498
0.55,-0.85,0.15395319230826165
0.55,-0.8,0.09474042603585332
0.55,-0.75,0.1480319156810208
0.55,-0.7,0.1302680857992983
0.55,-0.65,0.10658297929033499
0.55,-0.6,0.07105531952688998
0.55,-0.55,0.06513404289964915
0.55,-0.5,0.13618936242653915
0.55,-0.45,0.07697659615413083
0.55,-0.4,0.09474042603585332
0.55,-0.35,0.07697659615413083
0.55,-0.3,0.08289787278137166
0.55,-0.25,0.07105531952688998
0.55,-0.2,0.10658297929033499
0.55,-0.15,0.07697659615413083
0.55,-0.1,0.12434680917205748
0.55,-0.05,0.14211063905377996
0.55,0.0,0.2013234053261883
0.55,0.05,0.15987446893550247
0.55,0.1,0.07105531952688998
0.55,0.15,0.059212766272408325
0.55,0.2,0.07697659615413083
0.55,0.25,0.05329148964516749
0.55,0.3,0.09474042603585332
0.55,0.35,0.05329148964516749
0.55,0.4,0.059212766272408325
0.55,0.45,0.06513404289964915
0.55,0.5,0.05329148964516749
0.55,0.55,0.05329148964516749
0.55,0.6,0.04144893639068583
0.55,0.65,0.029606383136204163
0.55,0.7,0.03552765976344499
0.55,0.75,0.059212766272408325
0.55,0.8,0.03552765976344499
0.55,0.85,0.15395319230826165
0.55,0.9,0.10066170266309415
0.55,0.95,0.15395319230826165
0.55,1.0,0.04737021301792666
0.6,-1.0,0.011842553254481665
0.6,-0.95,0.05329148964516749
0.6,-0.9,0.1302680857992983
0.6,-0.85,0.15987446893550247
0.6,-0.8,0.14211063905377996
0.6,-0.75,0.10066170266309415
0.6,-0.7,0.11250425591757582
0.6,-0.65,0.10658297929033499
0.6,-0.6,0.07105531952688998
0.6,-0.55,0.08881914940861249
0.6,-0.5,0.07105531952688998
0.6,-0.45,0.11250425591757582
0.6,-0.4,0.09474042603585332
0.6,-0.35,0.09474042603585332
0.6,-0.3,0.06513404289964915
0.6,-0.25,0.08881914940861249
0.6,-0.2,0.07697659615413083
0.6,-0.15,0.05329148964516749
0.6,-0.1,0.08881914940861249
0.6,-0.05,0.15395319230826165
0.6,0.0,0.13618936242653915
0.6,0.05,0.1480319156810208
0.6,0.1,0.11842553254481665
0.6,0.15,0.09474042603585332
0.6,0.2,0.08289787278137166
0.6,0.25,0.04144893639068583
0.6,0.3,0.029606383136204163
0.6,0.35,0.02368510650896333
0.6,0.4,0.07697659615413083
0.6,0.45,0.06513404289964915
0.6,0.5,0.04144893639068583
0.6,0.55,0.059212766272408325
0.6,0.6,0.04737021301792666
0.6,0.65,0.06513404289964915
0.6,0.7,0.05329148964516749
0.6,0.75,0.05329148964516749
0.6,0.8,0.059212766272408325
0.6,0.85,0.09474042603585332
0.6,0.9,0.12434680917205748
0.6,0.95,0.1302680857992983
0.6,1.0,0.08881914940861249
0.65,-1.0,0.005921276627240833
0.65,-0.95,0.03552765976344499
0.65,-0.9,0.16579574556274332
0.65,-0.85,0.15395319230826165
0.65,-0.8,0.12434680917205748
0.65,-0.75,0.14211063905377996
0.65,-0.7,0.07105531952688998
0.65,-0.65,0.14211063905377996
0.65,-0.6,0.09474042603585332
0.65,-0.55,0.10066170266309415
0.65,-0.5,0.07105531952688998
0.65,-0.45,0.09474042603585332
0.65,-0.4,0.08881914940861249
0.65,-0.35,0.09474042603585332
0.65,-0.3,0.07697659615413083
0.65,-0.25,0.06513404289964915
0.65,-0.2,0.08289787278137166
0.65,-0.15,0.07697659615413083
0.65,-0.1,0.08289787278137166
0.65,-0.05,0.10658297929033499
0.65,0.0,0.1302680857992983
0.65,0.05,0.1835595754444658
0.65,0.1,0.1480319156810208
0.65,0.15,0.11250425591757582
0.65,0.2,0.09474042603585332
0.65,0.25,0.05329148964516749
0.65,0.3,0.07105531952688998
0.65,0.35,0.02368510650896333
0.65,0.4,0.029606383136204163
0.65,0.45,0.07697659615413083
0.65,0.5,0.04144893639068583
0.65,0.55,0.03552765976344499
0.65,0.6,0.017763829881722495
0.65,0.65,0.03552765976344499
0.65,0.7,0.05329148964516749
0.65,0.75,0.07105531952688998
0.65,0.8,0.03552765976344499
0.65,0.85,0.07105531952688998
0.65,0.9,0.14211063905377996
0.65,0.95,0.2723787248530783
0.65,1.0,0.10066170266309415
0.7,-1.0,0.017763829881722495
0.7,-0.95,0.059212766272408325
0.7,-0.9,0.18948085207170665
0.7,-0.85,0.15987446893550247
0.7,-0.8,0.16579574556274332
0.7,-0.75,0.15395319230826165
0.7,-0.7,0.08881914940861249
0.7,-0.65,0.13618936242653915
0.7,-0.6,0.09474042603585332
0.7,-0.55,0.06513404289964915
0.7,-0.5,0.09474042603585332
0.7,-0.45,0.07697659615413083
0.7,-0.4,0.08881914940861249
0.7,-0.35,0.059212766272408325
0.7,-0.3,0.12434680917205748
0.7,-0.25,0.07697659615413083
0.7,-0.2,0.05329148964516749
0.7,-0.15,0.11842553254481665
0.7,-0.1,0.10066170266309415
0.7,-0.05,0.11842553254481665
0.7,0.0,0.2013234053261883
0.7,0.05,0.16579574556274332
0.7,0.1,0.15395319230826165
0.7,0.15,0.08881914940861249
0.7,0.2,0.08289787278137166
0.7,0.25,0.10066170266309415
0.7,0.3,0.05329148964516749
0.7,0.35,0.04737021301792666
0.7,0.4,0.10658297929033499
0.7,0.45,0.04737021301792666
0.7,0.5,0.05329148964516749
0.7,0.55,0.029606383136204163
0.7,0.6,0.04144893639068583
0.7,0.65,0.03552765976344499
0.7,0.7,0.04737021301792666
0.7,0.75,0.08289787278137166
0.7,0.8,0.05329148964516749
0.7,0.85,0.07697659615413083
0.7,0.9,0.08289787278137166
0.7,0.95,0.10658297929033499
0.7,1.0,0.10066170266309415
0.75,-1.0,0.029606383136204163
0.75,-0.95,0.04144893639068583
0.75,-0.9,0.18948085207170665
0.75,-0.85,0.11842553254481665
0.75,-0.8,0.21316595858066997
0.75,-0.75,0.17171702218998414
0.75,-0.7,0.13618936242653915
0.75,-0.65,0.11250425591757582
0.75,-0.6,0.1302680857992983
0.75,-0.55,0.13618936242653915
0.75,-0.5,0.09474042603585332
0.75,-0.45,0.059212766272408325
0.75,-0.4,0.11842553254481665
0.75,-0.35,0.07105531952688998
0.75,-0.3,0.06513404289964915
0.75,-0.25,0.08881914940861249
0.75,-0.2,0.09474042603585332
0.75,-0.15,0.08881914940861249
0.75,-0.1,0.12434680917205748
0.75,-0.05,0.14211063905377996
0.75,0.0,0.2546148949713558
0.75,0.05,0.2013234053261883
0.75,0.1,0.17171702218998414
0.75,0.15,0.10066170266309415
0.75,0.2,0.06513404289964915
0.75,0.25,0.059212766272408325
0.75,0.3,0.09474042603585332
0.75,0.35,0.06513404289964915
0.75,0.4,0.07105531952688998
0.75,0.45,0.06513404289964915
0.75,0.5,0.029606383136204163
0.75,0.55,0.05329148964516749
0.75,0.6,0.059212766272408325
0.75,0.65,0.03552765976344499
0.75,0.7,0.059212766272408325
0.75,0.75,0.02368510650896333
0.75,0.8,0.07105531952688998
0.75,0.85,0.10658297929033499
0.75,0.9,0.12434680917205748
0.75,0.95,0.2368510650896333
0.75,1.0,0.12434680917205748
0.8,-1.0,0.011842553254481665
0.8,-0.95,0.059212766272408325
0.8,-0.9,0.17763829881722498
0.8,-0.85,0.1835595754444658
0.8,-0.8,0.12434680917205748
0.8,-0.75,0.15987446893550247
0.8,-0.7,0.13618936242653915
0.8,-0.65,0.10658297929033499
0.8,-0.6,0.16579574556274332
0.8,-0.55,0.11250425591757582
0.8,-0.5,0.11842553254481665
0.8,-0.45,0.11250425591757582
0.8,-0.4,0.10658297929033499
0.8,-0.35,0.07697659615413083
0.8,-0.3,0.10658297929033499
0.8,-0.25,0.11842553254481665
0.8,-0.2,0.08881914940861249
0.8,-0.15,0.11250425591757582
0.8,-0.1,0.11250425591757582
0.8,-0.05,0.12434680917205748
0.8,0.0,0.16579574556274332
0.8,0.05,0.17763829881722498
0.8,0.1,0.15395319230826165
0.8,0.15,0.12434680917205748
0.8,0.2,0.11842553254481665
0.8,0.25,0.06513404289964915
0.8,0.3,0.07105531952688998
0.8,0.35,0.09474042603585332
0.8,0.4,0.10658297929033499
0.8,0.45,0.14211063905377996
0.8,0.5,0.09474042603585332
0.8,0.55,0.04737021301792666
0.8,0.6,0.07697659615413083
0.8,0.65,0.06513404289964915
0.8,0.7,0.11250425591757582
0.8,0.75,0.08881914940861249
0.8,0.8,0.08289787278137166
0.8,0.85,0.12434680917205748
0.8,0.9,0.16579574556274332
0.8,0.95,0.24869361834411496
0.8,1.0,0.059212766272408325
0.85,-1.0,0.017763829881722495
0.85,-0.95,0.059212766272408325
0.85,-0.9,0.22500851183515164
0.85,-0.85,0.19540212869894746
0.85,-0.8,0.17171702218998414
0.85,-0.75,0.15395319230826165
0.85,-0.7,0.1480319156810208
0.85,-0.65,0.12434680917205748
0.85,-0.6,0.17763829881722498
0.85,-0.55,0.15987446893550247
0.85,-0.5,0.10066170266309415
0.85,-0.45,0.12434680917205748
0.85,-0.4,0.15395319230826165
0.85,-0.35,0.10066170266309415
0.85,-0.3,0.10066170266309415
0.85,-0.25,0.11842553254481665
0.85,-0.2,0.11842553254481665
0.85,-0.15,0.14211063905377996
0.85,-0.1,0.13618936242653915
0.85,-0.05,0.26645744822583745
0.85,0.0,0.2368510650896333
0.85,0.05,0.24869361834411496
0.85,0.1,0.20724468195342913
0.85,0.15,0.16579574556274332
0.85,0.2,0.15395319230826165
0.85,0.25,0.07105531952688998
0.85,0.3,0.10066170266309415
0.85,0.35,0.05329148964516749
0.85,0.4,0.08289787278137166
0.85,0.45,0.10658297929033499
0.85,0.5,0.07697659615413083
0.85,0.55,0.08881914940861249
0.85,0.6,0.11842553254481665
0.85,0.65,0.14211063905377996
0.85,0.7,0.08289787278137166
0.85,0.75,0.09474042603585332
0.85,0.8,0.11842553254481665
0.85,0.85,0.17171702218998414
0.85,0.9,0.30198510798928246
0.85,0.95,0.3138276612437641
0.85,1.0,0.14211063905377996
0.9,-1.0,0.029606383136204163
0.9,-0.95,0.09474042603585332
0.9,-0.9,0.2546148949713558
0.9,-0.85,0.2960638313620416
0.9,-0.8,0.24277234171687412
0.9,-0.75,0.17171702218998414
0.9,-0.7,0.2190872352079108
0.9,-0.65,0.17763829881722498
0.9,-0.6,0.1302680857992983
0.9,-0.55,0.16579574556274332
0.9,-0.5,0.1480319156810208
0.9,-0.45,0.17171702218998414
0.9,-0.4,0.11250425591757582
0.9,-0.35,0.1480319156810208
0.9,-0.3,0.11842553254481665
0.9,-0.25,0.17171702218998414
0.9,-0.2,0.16579574556274332
0.9,-0.15,0.10658297929033499
0.9,-0.1,0.2190872352079108
0.9,-0.05,0.24869361834411496
0.9,0.0,0.22500851183515164
0.9,0.05,0.36119787426169075
0.9,0.1,0.24277234171687412
0.9,0.15,0.24277234171687412
0.9,0.2,0.22500851183515164
0.9,0.25,0.11250425591757582
0.9,0.3,0.16579574556274332
0.9,0.35,0.13618936242653915
0.9,0.4,0.15987446893550247
0.9,0.45,0.14211063905377996
0.9,0.5,0.14211063905377996
0.9,0.55,0.17763829881722498
0.9,0.6,0.13618936242653915
0.9,0.65,0.1835595754444658
0.9,0.7,0.08881914940861249
0.9,0.75,0.15987446893550247
0.9,0.8,0.1480319156810208
0.9,0.85,0.24277234171687412
0.9,0.9,0.37304042751617245
0.9,0.95,0.5566000029606383
0.9,1.0,0.2190872352079108
0.95,-1.0,0.04144893639068583
0.95,-0.95,0.13618936242653915
0.95,-0.9,0.4618595769247849
0.95,-0.85,0.3671191508889316
0.95,-0.8,0.3434340443799683
0.95,-0.75,0.26645744822583745
0.95,-0.7,0.27830000148031914
0.95,-0.65,0.3138276612437641
0.95,-0.6,0.2960638313620416
0.95,-0.55,0.24277234171687412
0.95,-0.5,0.23092978846239245
0.95,-0.45,0.20724468195342913
0.95,-0.4,0.26645744822583745
0.95,-0.35,0.19540212869894746
0.95,-0.3,0.2368510650896333
0.95,-0.25,0.2723787248530783
0.95,-0.2,0.2723787248530783
0.95,-0.15,0.21316595858066997
0.95,-0.1,0.4381744704158216
0.95,-0.05,0.42633191716133995
0.95,0.0,0.5210723431971932
0.95,0.05,0.633576599114769
0.95,0.1,0.5802851094696015
0.95,0.15,0.3671191508889316
0.95,0.2,0.36119787426169075
0.95,0.25,0.2605361715985966
0.95,0.3,0.3789617041434133
0.95,0.35,0.2842212781075599
0.95,0.4,0.2368510650896333
0.95,0.45,0.33159149112548664
0.95,0.5,0.30198510798928246
0.95,0.55,0.24277234171687412
0.95,0.6,0.2842212781075599
0.95,0.65,0.2190872352079108
0.95,0.7,0.3138276612437641
0.95,0.75,0.3967255340251358
0.95,0.8,0.33159149112548664
0.95,0.85,0.4618595769247849
0.95,0.9,0.6513404289964916
0.95,0.95,1.5158468165736532
0.95,1.0,0.6572617056237324
1.0,-1.0,0.011842553254481665
1.0,-0.95,0.011842553254481665
1.0,-0.9,0.04737021301792666
1.0,-0.85,0.09474042603585332
1.0,-0.8,0.07105531952688998
1.0,-0.75,0.1480319156810208
1.0,-0.7,0.05329148964516749
1.0,-0.65,0.08881914940861249
1.0,-0.6,0.06513404289964915
1.0,-0.55,0.06513404289964915
1.0,-0.5,0.04737021301792666
1.0,-0.45,0.03552765976344499
1.0,-0.4,0.04144893639068583
1.0,-0.35,0.029606383136204163
1.0,-0.3,0.029606383136204163
1.0,-0.25,0.07105531952688998
1.0,-0.2,0.03552765976344499
1.0,-0.15,0.04144893639068583
1.0,-0.1,0.14211063905377996
1.0,-0.05,0.07697659615413083
1.0,0.0,0.12434680917205748
1.0,0.05,0.1835595754444658
1.0,0.1,0.20724468195342913
1.0,0.15,0.16579574556274332
1.0,0.2,0.07697659615413083
1.0,0.25,0.10066170266309415
1.0,0.3,0.08881914940861249
1.0,0.35,0.029606383136204163
1.0,0.4,0.11250425591757582
1.0,0.45,0.11250425591757582
1.0,0.5,0.08289787278137166
1.0,0.55,0.07697659615413083
1.0,0.6,0.08881914940861249
1.0,0.65,0.10658297929033499
1.0,0.7,0.09474042603585332
1.0,0.75,0.13618936242653915
1.0,0.8,0.1302680857992983
1.0,0.85,0.17763829881722498
1.0,0.9,0.24869361834411496
1.0,0.95,0.8112148979319941
1.0,1.0,0.3671191508889316
