x,ecdf,random
1,0.2972463221425877,0.2422817430616207522130368717106024253945784385158818940263279320637172569399736
2,0.36043002640513017,0.3321292369219399568716921273060014671138902142377770745042377585592952468122185
3,0.4007921539041871,0.3801331476848317870955341073083896869214443072007329655042882032902348780534974
4,0.4221048660882686,0.4091864974567796664162207568028379199930858548845853572038520732925363751320398
5,0.43606186344775555,0.4284664271551743163536515837908330368374293962113007879038436483287820999870745
6,0.4470011316484346,0.4414807453101908351913757213390509316250237004791959965981620695065323864346916
7,0.45812900792153904,0.4506775915384664114958965692152252807653007412596440627079152002610044046040614
8,0.46378725009430405,0.4575493302143103958797813764497935017551597128315640709101109289826118727644515
9,0.4692568841946435,0.4626770250899358808108151768299862132911323223710512180076074124857914937426564
10,0.47152018106374954,0.4666056101961485874751021183691752521716869536746139378688277611617317441793618
11,0.47340626178800455,0.4696889627794200520750836062872143462552863847309975189598469285250401722342728
12,0.47434930215013205,0.4721068349655213923294140189714408750792386780411039592720475139294246042687244
13,0.47529234251225955,0.4739417192471405508761727141399953656991589080683940439953347357143430131409417
14,0.475858166729536,0.4754270741798567751039120314671130989371855932352115857514002968373854772495134
15,0.476989815164089,0.4766043253550450119427693688496170889141288841311412660633454473175510773291936
16,0.4775556393813655,0.4775209127616415976443971192961802742494753918892877890009621358428198022508676
17,0.478498679743493,0.478264916287096427997884291758919046187494411539905158211488758710831735594759
18,0.4798189362504715,0.4788962114592661434302248486698077389214075412462486056001836370189133577266266
19,0.48019615239532254,0.4794128400405817114458853969618518259723187509036674521111444382763489690597779
20,0.4805733685401735,0.4798418969854269372783633744745478928172786174938466061156725293374070403217968
23,0.480761976612599,0.4802147591096043135137153950546213469748297628665080867945002191480844726852464
24,0.48113919275745004,0.4805221049047948137160043863164002421093066270538633757196432537974874761299716
27,0.4817050169747265,0.4807530751165027781805470943411903904343511390161128782543404955501538406043102
29,0.481893625047152,0.480950921938794800581829093164636114630993188612942231331648717778859267952005
30,0.48208223311957754,0.4811271096320373630975820835952861690675074237315718476754240196901780343148177
49,0.48227084119200303,0.4812780812355065743888464803825363736852570601240003171059761784454686058063763
